Emp_FName,Emp_LName,Emp_ID,Age,Sex,Marital_status,RaceDesc,hisp_latina,CitizenDesc,State,Zip,Department,Position,Pay,Manager_Name,Hire_date,Termination_date,Reason_Termination,Emp_Status,Emp_Source,Performance_Score,performance_score_num,Daily_Error_Rate,day_90_Complaints,Abutments_Hour_Wk_1,Abutments_Hour_Wk_2,Recruitment_Source,sal_min,sal_mid,sal_max,total_recruitment_cost_by_source,tenure_years,pay_equity_status
Adinolfi,"Wilson  K",1409070522,34,Male,Single,White,No,"US Citizen",MA,1960,Production,"Production Technician I",20.00,"Michael Albert",2011-07-05,NULL,"N/A - still employed",Active,"MBTA ads","Exceeds",4.0,0,0,15,17,"MBTA ads",30000,40000,50000,10980,14.16,"Below Range"
"Ait Sidi",Karthikeyan,1307060199,42,Male,Married,White,No,"US Citizen",MA,2148,IT/IS,"Sr. DBA",62.00,"Simon Roup",2015-03-30,2016-06-16,"career change","Voluntarily Terminated","Company Intranet - Partner","Fully Meets",3.0,NULL,NULL,NULL,NULL,"Company Intranet - Partner",92863,116007,139170,0,1.22,"Below Range"
Akinkuolie,Sarah,1005019209,29,Female,Married,White,No,"US Citizen",MA,1810,Production,"Production Technician II",29.00,"Kissy Sullivan",2011-07-05,2012-09-24,hours,"Voluntarily Terminated",Newspager/Magazine,"90-day meets",2.5,0,0,17,17,Newspager/Magazine,38000,48000,58000,8291,1.22,"Below Range"
Alagbe,Trina,1011022883,29,Female,Married,White,No,"US Citizen",MA,1886,Production,"Production Technician I",21.00,"Elijiah Gray",2008-01-07,NULL,"N/A - still employed",Active,Billboard,"Fully Meets",3.0,1,0,8,10,Billboard,30000,40000,50000,6192,17.66,"Below Range"
Albert,Michael,1501072311,49,Male,Divorced,White,No,"US Citizen",MA,2169,Production,"Production Manager",54.50,"Janet King",2011-08-01,NULL,"N/A - still employed",Active,"Employee Referral","Fully Meets",3.0,0,0,0,0,"Employee Referral",NULL,NULL,NULL,0,14.09,"Within Range"
Anderson,Carol,1001417624,28,Female,Divorced,White,No,"US Citizen",MA,2169,Production,"Production Technician I",16.00,"Webster Butler",2011-07-11,2011-09-06,"return to school","Voluntarily Terminated","Word of Mouth","N/A- too early to review",NULL,3,1,6,8,"Word of Mouth",30000,40000,50000,0,0.16,"Below Range"
Anderson,Linda,1304055947,40,Female,Single,White,No,"US Citizen",MA,1844,Production,"Production Technician I",23.00,"Amy Dunn",2012-01-09,NULL,"N/A - still employed",Active,"MBTA ads","Exceptional",5.0,0,0,19,19,"MBTA ads",30000,40000,50000,10980,13.65,"Below Range"
Andreola,Colby,1107027358,38,Female,Single,White,No,"US Citizen",MA,2110,"Software Engineering","Software Engineer",47.60,"Alex Sweetwater",2014-11-10,NULL,"N/A - still employed",Active,"Vendor Referral","Fully Meets",3.0,NULL,NULL,NULL,NULL,"Vendor Referral",NULL,NULL,NULL,0,10.81,"Within Range"
Athwal,Sam,1301052124,34,Male,widowed,White,No,"US Citizen",MA,2199,Production,"Production Technician I",22.00,"Ketsia Liebig",2013-09-30,NULL,"N/A - still employed",Active,"Employee Referral","N/A- too early to review",NULL,1,0,6,6,"Employee Referral",30000,40000,50000,0,11.92,"Below Range"
Bachiochi,Linda,1212051409,47,Female,Single,"Two or more races",No,"US Citizen",MA,1902,Production,"Production Technician I",22.00,"Brannon Miller",2009-07-06,NULL,"N/A - still employed","Leave of Absence","Diversity Job Fair","Fully Meets",3.0,0,0,10,10,"Diversity Job Fair",30000,40000,50000,10021,16.16,"Below Range"
Bacong,Alejandro,1212052023,30,Male,Divorced,White,No,"US Citizen",MA,1886,IT/IS,"Network Engineer",45.00,"Peter Monroe",2015-01-05,NULL,"N/A - still employed",Active,Glassdoor,"90-day meets",2.5,NULL,NULL,NULL,NULL,Glassdoor,50845,66850,88279,0,10.66,"Below Range"
Baczenski,Rachael,1307060083,44,Female,Married,Hispanic,Yes,"US Citizen",MA,1902,Production,"Production Technician I",17.00,"David Stanley",2011-01-10,2011-01-12,"Another position","Voluntarily Terminated","Diversity Job Fair","N/A- too early to review",NULL,3,2,5,7,"Diversity Job Fair",30000,40000,50000,10021,0.01,"Below Range"
Barbara,Thomas,1312063507,43,Male,Married,Asian,Yes,"US Citizen",MA,2062,Production,"Production Technician I",22.00,"Kissy Sullivan",2012-04-02,2012-09-19,unhappy,"Voluntarily Terminated","Diversity Job Fair","90-day meets",2.5,0,0,5,8,"Diversity Job Fair",30000,40000,50000,10021,0.47,"Below Range"
Barone,"Francesco  A",1101023679,34,Male,Single,"Two or more races",No,"US Citizen",MA,1810,Production,"Production Technician I",16.76,"Kelley Spirea",2012-02-20,NULL,"N/A - still employed",Active,"Social Networks - Facebook Twitter etc","Fully Meets",3.0,0,0,10,10,"Social Networks - Facebook Twitter etc",30000,40000,50000,5573,13.53,"Below Range"
Barton,Nader,1212051962,40,Male,Divorced,White,No,"US Citizen",MA,2747,Production,"Production Technician I",18.00,"Michael Albert",2012-09-24,2013-04-06,"Another position","Voluntarily Terminated","On-line Web application","Fully Meets",3.0,0,0,12,12,"On-line Web application",30000,40000,50000,0,0.53,"Below Range"
Beak,Kimberly,1303054329,51,Female,Married,White,No,"US Citizen",MA,2145,Production,"Production Technician II",27.00,"Kelley Spirea",2016-07-21,NULL,"N/A - Has not started yet","Future Start","Employee Referral","Exceeds",4.0,2,2,6,5,"Employee Referral",38000,48000,58000,0,9.12,"Below Range"
Beatrice,Courtney,1403066194,47,Female,Single,White,No,"Eligible NonCitizen",MA,1915,Production,"Production Technician I",22.00,"Elijiah Gray",2011-04-04,NULL,"N/A - still employed",Active,"Search Engine - Google Bing Yahoo","Fully Meets",3.0,1,0,9,10,"Search Engine - Google Bing Yahoo",30000,40000,50000,5183,14.42,"Below Range"
Becker,Renee,1102024056,31,Female,Single,White,Yes,"US Citizen",MA,2026,IT/IS,"Database Administrator",43.00,"Simon Roup",2014-07-07,2015-09-12,performance,"Terminated for Cause","Search Engine - Google Bing Yahoo","Fully Meets",3.0,NULL,NULL,NULL,NULL,"Search Engine - Google Bing Yahoo",50569,68306,93312,5183,1.18,"Below Range"
Becker,Scott,1110029777,38,Male,Single,Asian,No,"US Citizen",MA,2452,Production,"Production Technician I",17.00,"Webster Butler",2013-07-08,NULL,"N/A - still employed","Leave of Absence","MBTA ads","Fully Meets",3.0,0,0,8,9,"MBTA ads",30000,40000,50000,10980,12.15,"Below Range"
Bernstein,Sean,1109029366,47,Male,Single,White,Yes,"US Citizen",MA,2072,Production,"Production Technician I",16.00,"Amy Dunn",2012-04-02,NULL,"N/A - still employed",Active,"Word of Mouth","Fully Meets",3.0,1,0,10,12,"Word of Mouth",30000,40000,50000,0,13.42,"Below Range"
Biden,"Lowan  M",1412071844,59,Female,Divorced,Asian,No,"US Citizen",MA,2027,Production,"Production Technician I",22.00,"Ketsia Liebig",2013-08-19,NULL,"N/A - still employed",Active,Billboard,"Fully Meets",3.0,1,0,12,13,Billboard,30000,40000,50000,6192,12.04,"Below Range"
Billis,Helen,1308060366,28,Female,Married,White,No,"US Citizen",MA,2031,Production,"Production Technician I",16.00,"Brannon Miller",2014-07-07,NULL,"N/A - still employed",Active,"Professional Society","Exceeds",4.0,0,0,16,15,"Professional Society",30000,40000,50000,1200,11.16,"Below Range"
Blount,Dianna,1403066125,27,Female,Single,White,No,"US Citizen",MA,2171,Production,"Production Technician II",27.00,"Michael Albert",2011-04-04,NULL,"N/A - still employed",Active,Monster.com,"Needs Improvement",2.0,1,1,6,11,Monster.com,38000,48000,58000,5760,14.42,"Below Range"
Bondwell,Betsy,1008021030,51,Female,Single,White,No,"US Citizen",MA,2210,Production,"Production Technician II",26.00,"Elijiah Gray",2011-01-10,2014-04-04,"career change","Voluntarily Terminated","Search Engine - Google Bing Yahoo","90-day meets",2.5,0,1,15,16,"Search Engine - Google Bing Yahoo",38000,48000,58000,5183,3.23,"Below Range"
Boutwell,Bonalyn,1307060188,30,Female,Married,Asian,No,"US Citizen",MA,2468,"Admin Offices","Sr. Accountant",34.95,"Brandon R. LeBlanc",2015-02-16,NULL,"N/A - still employed",Active,"Diversity Job Fair","90-day meets",2.5,NULL,NULL,NULL,NULL,"Diversity Job Fair",63264,76988,92454,10021,10.54,"Below Range"
Bozzi,Charles,1303054580,47,Male,Single,Asian,No,"US Citizen",MA,1901,Production,"Production Manager",50.50,"Janet King",2013-09-30,2014-08-07,retiring,"Voluntarily Terminated",Billboard,"Fully Meets",3.0,0,0,0,0,Billboard,NULL,NULL,NULL,6192,0.85,"Within Range"
Bramante,Elisa,1006020066,34,Female,Single,"Black or African American",No,"US Citizen",MA,2030,Production,"Director of Operations",60.00,"Janet King",2009-01-05,NULL,"N/A - still employed",Active,Other,"Exceeds",4.0,NULL,NULL,NULL,NULL,Other,NULL,NULL,NULL,3995,16.66,"Within Range"
Brill,Donna,1406068293,27,Female,Married,White,No,"US Citizen",MA,1701,Production,"Production Technician I",20.00,"David Stanley",2012-04-02,2013-06-15,"Another position","Voluntarily Terminated","Search Engine - Google Bing Yahoo","Fully Meets",3.0,1,1,9,10,"Search Engine - Google Bing Yahoo",30000,40000,50000,5183,1.20,"Below Range"
Brown,Mia,1103024456,32,Female,Married,"Black or African American",No,"US Citizen",MA,1450,"Admin Offices","Accountant I",28.50,"Brandon R. LeBlanc",2008-10-27,NULL,"N/A - still employed",Active,"Diversity Job Fair","Fully Meets",3.0,NULL,NULL,NULL,NULL,"Diversity Job Fair",42274,51425,62299,10021,16.85,"Below Range"
Buccheri,Joseph,1101023457,34,Male,Single,White,No,"US Citizen",MA,1013,Production,"Production Technician II",22.00,"Webster Butler",2014-09-29,NULL,"N/A - still employed",Active,"Word of Mouth","Fully Meets",3.0,1,0,9,10,"Word of Mouth",38000,48000,58000,0,10.93,"Below Range"
Buck,Edward,1504073313,42,Male,Married,White,No,"US Citizen",MA,2330,Sales,"Area Sales Manager",55.00,"Lynn Daneault",2014-09-29,NULL,"N/A - still employed",Active,"Employee Referral","Fully Meets",3.0,NULL,NULL,NULL,NULL,"Employee Referral",NULL,NULL,NULL,0,10.93,"Within Range"
Bugali,Josephine,1408069635,48,Female,Separated,"Black or African American",No,"US Citizen",MA,2043,Production,"Production Technician I",20.00,"Kissy Sullivan",2013-11-11,NULL,"N/A - still employed","Leave of Absence","Diversity Job Fair","Fully Meets",3.0,1,0,13,15,"Diversity Job Fair",30000,40000,50000,10021,11.81,"Below Range"
Bunbury,Jessica,1504073368,53,Female,Married,"Black or African American",No,"Eligible NonCitizen",VA,21851,Sales,"Area Sales Manager",55.00,"John Smith",2011-08-15,2014-08-02,"Another position","Voluntarily Terminated","Social Networks - Facebook Twitter etc","Fully Meets",3.0,NULL,NULL,NULL,NULL,"Social Networks - Facebook Twitter etc",NULL,NULL,NULL,5573,2.97,"Within Range"
Burke,Joelle,1011022820,37,Female,Single,"Black or African American",No,"US Citizen",MA,2148,Production,"Production Technician II",25.00,"Amy Dunn",2012-03-05,NULL,"N/A - still employed",Active,"Employee Referral","Fully Meets",3.0,1,1,10,10,"Employee Referral",38000,48000,58000,0,13.50,"Below Range"
Burkett,Benjamin,1301052449,40,Male,Married,White,No,"US Citizen",MA,1890,Production,"Production Technician II",26.00,"Ketsia Liebig",2011-04-04,NULL,"N/A - still employed",Active,Careerbuilder,"Fully Meets",3.0,0,1,7,8,Careerbuilder,38000,48000,58000,7790,14.42,"Below Range"
Butler,"Webster  L",1110029990,34,Male,Single,White,No,"US Citizen",MA,2169,Production,"Production Manager",55.00,"Janet King",2016-01-28,NULL,"N/A - still employed",Active,"Pay Per Click - Google","Exceeds",4.0,0,0,0,0,"Pay Per Click - Google",NULL,NULL,NULL,3510,9.59,"Within Range"
Carabbio,Judith,1101023577,30,Female,Single,White,No,"US Citizen",MA,2132,"Software Engineering","Software Engineer",56.00,"Alex Sweetwater",2013-11-11,NULL,"N/A - still employed",Active,"Pay Per Click - Google","90-day meets",2.5,NULL,NULL,NULL,NULL,"Pay Per Click - Google",NULL,NULL,NULL,3510,11.81,"Within Range"
Carey,Michael,1311063114,34,Male,widowed,"Black or African American",No,"US Citizen",MA,1701,Production,"Production Technician I",20.00,"Kelley Spirea",2014-03-31,NULL,"N/A - still employed",Active,"MBTA ads","Fully Meets",3.0,1,0,11,12,"MBTA ads",30000,40000,50000,10980,11.42,"Below Range"
Carr,"Claudia  N",1010022337,31,Female,Single,"Black or African American",No,"US Citizen",MA,1886,IT/IS,"Sr. DBA",61.30,"Simon Roup",2016-06-30,NULL,"N/A - Has not started yet","Future Start","Vendor Referral","N/A- too early to review",NULL,NULL,NULL,NULL,NULL,"Vendor Referral",92863,116007,139170,0,9.17,"Below Range"
Carter,Michelle,1403065721,54,Female,Single,White,No,"US Citizen",VT,5664,Sales,"Area Sales Manager",55.00,"John Smith",2014-08-18,NULL,"N/A - still employed",Active,Billboard,"Fully Meets",3.0,NULL,NULL,NULL,NULL,Billboard,NULL,NULL,NULL,6192,11.04,"Within Range"
Chace,Beatrice,1208048062,67,Female,Single,White,No,"US Citizen",MA,2763,Production,"Production Technician I",16.00,"Michael Albert",2014-09-29,NULL,"N/A - still employed",Active,"Search Engine - Google Bing Yahoo","Fully Meets",3.0,0,0,13,14,"Search Engine - Google Bing Yahoo",30000,40000,50000,5183,10.93,"Below Range"
Chan,Lin,1305057282,38,Female,Single,White,No,"US Citizen",MA,2170,Production,"Production Technician I",19.50,"Elijiah Gray",2014-12-05,NULL,"N/A - still employed",Active,"Internet Search","Fully Meets",3.0,0,0,13,13,"Internet Search",30000,40000,50000,0,10.74,"Below Range"
Chang,"Donovan  E",1111030129,34,Male,Single,White,No,"US Citizen",MA,1845,Production,"Production Technician I",22.00,"Webster Butler",2013-07-08,NULL,"N/A - still employed",Active,Newspager/Magazine,"Fully Meets",3.0,1,0,8,10,Newspager/Magazine,30000,40000,50000,8291,12.15,"Below Range"
Chivukula,Enola,1101023394,34,Female,Single,White,No,"US Citizen",MA,1775,Production,"Production Technician I",21.00,"Amy Dunn",2011-06-27,2015-11-15,"relocation out of area","Voluntarily Terminated",Other,"90-day meets",2.5,3,0,6,7,Other,30000,40000,50000,3995,4.39,"Below Range"
Cierpiszewski,Caroline,1012023295,29,Female,Single,"Black or African American",No,Non-Citizen,MA,2044,Production,"Production Technician I",22.00,"Ketsia Liebig",2011-10-03,NULL,"N/A - still employed",Active,"Pay Per Click - Google","Fully Meets",3.0,1,0,12,14,"Pay Per Click - Google",30000,40000,50000,3510,13.92,"Below Range"
Cisco,Anthony,1102024173,28,Male,Married,White,Yes,"US Citizen",MA,2135,IT/IS,"Network Engineer",42.00,"Peter Monroe",2015-03-30,NULL,"N/A - still employed",Active,"Information Session","N/A- too early to review",NULL,NULL,NULL,NULL,NULL,"Information Session",50845,66850,88279,0,10.43,"Below Range"
Clayton,Rick,1301052902,32,Male,Single,White,No,"US Citizen",MA,2170,IT/IS,"IT Support",28.99,"Eric Dougall",2012-09-05,NULL,"N/A - still employed",Active,Glassdoor,"Fully Meets",3.0,NULL,NULL,NULL,NULL,Glassdoor,NULL,NULL,NULL,0,12.99,"Within Range"
Cloninger,Jennifer,1012023226,36,Female,Married,White,No,"US Citizen",MA,1752,Production,"Production Technician II",25.00,"Brannon Miller",2011-05-16,2013-01-07,unhappy,"Voluntarily Terminated","Word of Mouth","90-day meets",2.5,1,0,9,10,"Word of Mouth",38000,48000,58000,0,1.65,"Below Range"
Close,Phil,1209048697,39,Male,Married,White,No,"US Citizen",MA,2169,Production,"Production Technician II",26.00,"David Stanley",2010-08-30,2011-09-26,"career change","Voluntarily Terminated",Other,"Fully Meets",3.0,3,0,5,7,Other,38000,48000,58000,3995,1.07,"Below Range"
Clukey,Elijian,1407069280,37,Male,Married,White,No,"US Citizen",MA,2134,Production,"Production Technician I",24.75,"Brannon Miller",2016-07-06,NULL,"N/A - Has not started yet","Future Start","Employee Referral","Exceeds",4.0,0,0,16,16,"Employee Referral",30000,40000,50000,0,9.16,"Below Range"
Cockel,James,1599991009,40,Male,Single,White,No,"US Citizen",MA,2452,Production,"Production Technician I",15.00,"David Stanley",2013-07-08,NULL,"N/A - still employed",Active,"Employee Referral","Fully Meets",3.0,1,0,11,12,"Employee Referral",30000,40000,50000,0,12.15,"Below Range"
Cole,Spencer,1001450968,38,Male,Single,"Black or African American",No,"US Citizen",MA,1880,Production,"Production Technician I",15.00,"Kissy Sullivan",2011-07-11,2012-09-23,performance,"Terminated for Cause","MBTA ads","Needs Improvement",2.0,3,1,4,5,"MBTA ads",30000,40000,50000,10980,1.21,"Below Range"
Cornett,Lisa,1403066069,40,Female,Married,White,Yes,"US Citizen",MA,2189,Production,"Production Technician I",15.75,"Kelley Spirea",2015-01-05,NULL,"N/A - still employed",Active,Billboard,"90-day meets",2.5,1,0,6,7,Billboard,30000,40000,50000,6192,10.66,"Below Range"
Costa,Latia,1409070567,29,Female,Single,White,No,"US Citizen",CA,90007,Sales,"Area Sales Manager",55.00,"Lynn Daneault",2011-01-10,NULL,"N/A - still employed",Active,Other,"Exceeds",4.0,NULL,NULL,NULL,NULL,Other,NULL,NULL,NULL,3995,14.65,"Within Range"
Crimmings,Jean,1311063172,30,Female,Single,White,No,"US Citizen",MA,1821,Production,"Production Technician I",19.75,"Michael Albert",2016-07-06,NULL,"N/A - Has not started yet","Future Start",Newspager/Magazine,"N/A- too early to review",NULL,2,2,9,10,Newspager/Magazine,30000,40000,50000,8291,9.16,"Below Range"
Daneault,Lynn,1402065303,27,Female,Single,White,No,"US Citizen",VT,5473,Sales,"Sales Manager",54.00,"Debra Houlihan",2014-05-05,NULL,"N/A - still employed",Active,"Pay Per Click - Google","Fully Meets",3.0,NULL,NULL,NULL,NULL,"Pay Per Click - Google",NULL,NULL,NULL,3510,11.33,"Within Range"
Daniele,Ann,1411071312,66,Female,Married,White,No,"US Citizen",CT,6033,IT/IS,"Sr. Network Engineer",54.10,"Peter Monroe",2014-11-10,NULL,"N/A - still employed","Leave of Absence","Vendor Referral","Fully Meets",3.0,NULL,NULL,NULL,NULL,"Vendor Referral",79428,99458,120451,0,10.81,"Below Range"
Darson,Jene'ya,1001109612,39,Female,Married,White,No,"US Citizen",MA,2110,Production,"Production Technician I",15.00,"Elijiah Gray",2012-07-02,NULL,"N/A - still employed",Active,Billboard,"Fully Meets",3.0,1,0,11,12,Billboard,30000,40000,50000,6192,13.17,"Below Range"
Davis,Daniel,1201031274,38,Male,Single,"Two or more races",No,"Eligible NonCitizen",MA,2458,Production,"Production Technician II",25.00,"Kissy Sullivan",2011-07-11,NULL,"N/A - still employed",Active,Newspager/Magazine,"90-day meets",2.5,1,0,14,15,Newspager/Magazine,38000,48000,58000,8291,14.15,"Below Range"
DeGweck,James,1306058816,40,Male,Married,White,No,"US Citizen",MA,1810,Production,"Production Technician I",23.50,"Webster Butler",2011-05-16,2015-06-08,unhappy,"Voluntarily Terminated",Billboard,"Fully Meets",3.0,1,0,13,15,Billboard,30000,40000,50000,6192,4.07,"Below Range"
"Del Bosque",Keyla,1203032498,38,Female,Single,"Black or African American",No,"US Citizen",MA,2176,"Software Engineering","Software Engineer",57.12,"Alex Sweetwater",2012-01-09,NULL,"N/A - still employed",Active,Monster.com,"90-day meets",2.5,NULL,NULL,NULL,NULL,Monster.com,NULL,NULL,NULL,5760,13.65,"Within Range"
Demita,Carla,1104025179,66,Female,Separated,"Black or African American",No,"US Citizen",MA,2343,Production,"Production Technician II",29.00,"Kelley Spirea",2011-04-04,2015-11-04,"more money","Voluntarily Terminated","Search Engine - Google Bing Yahoo","Fully Meets",3.0,3,3,4,5,"Search Engine - Google Bing Yahoo",38000,48000,58000,5183,4.59,"Below Range"
Desimone,Carl,1501072124,50,Male,Married,White,No,"US Citizen",MA,2061,Production,"Production Technician I",20.00,"Amy Dunn",2014-07-07,NULL,"N/A - still employed",Active,"Professional Society","PIP",1.0,3,3,3,3,"Professional Society",30000,40000,50000,1200,11.16,"Below Range"
Dickinson,Geoff,706006285,35,Male,Single,White,No,"US Citizen",MA,2180,Production,"Production Technician I",21.00,"Ketsia Liebig",2014-12-05,NULL,"N/A - still employed",Active,"Pay Per Click - Google","Fully Meets",3.0,0,0,13,12,"Pay Per Click - Google",30000,40000,50000,3510,10.74,"Below Range"
Dietrich,Jenna,1408069481,30,Female,Single,White,Yes,"US Citizen",WA,98052,Sales,"Area Sales Manager",55.00,"John Smith",2012-02-20,NULL,"N/A - still employed",Active,"Website Banner Ads","PIP",1.0,NULL,NULL,NULL,NULL,"Website Banner Ads",NULL,NULL,NULL,7145,13.53,"Within Range"
Digitale,Alfred,1306059197,29,Male,Married,"American Indian or Alaska Native",No,"US Citizen",NH,3062,Sales,"Area Sales Manager",56.00,"John Smith",2014-08-18,NULL,"N/A - still employed",Active,"Pay Per Click - Google","Fully Meets",3.0,NULL,NULL,NULL,NULL,"Pay Per Click - Google",NULL,NULL,NULL,3510,11.04,"Within Range"
DiNocco,Lily,1209048696,39,Female,Married,"Black or African American",No,"US Citizen",MA,2351,Production,"Production Technician I",22.00,"Brannon Miller",2013-01-07,NULL,"N/A - still employed",Active,"Pay Per Click - Google","Needs Improvement",2.0,4,2,5,2,"Pay Per Click - Google",30000,40000,50000,3510,12.65,"Below Range"
Dobrin,"Denisa  S",1202031618,31,Female,Single,White,Yes,"US Citizen",MA,2125,Production,"Production Technician I",16.75,"David Stanley",2012-04-02,NULL,"N/A - still employed",Active,Monster.com,"Fully Meets",3.0,1,1,13,14,Monster.com,30000,40000,50000,5760,13.42,"Below Range"
Dolan,Linda,1101023540,29,Female,Married,White,No,"US Citizen",MA,2119,IT/IS,"Network Engineer",37.00,"Peter Monroe",2015-01-05,NULL,"N/A - still employed",Active,"Employee Referral","90-day meets",2.5,NULL,NULL,NULL,NULL,"Employee Referral",50845,66850,88279,0,10.66,"Below Range"
Dougall,Eric,1101023754,47,Male,Single,White,No,"US Citizen",MA,1886,IT/IS,"IT Manager - Support",64.00,"Jennifer Zamora",2014-01-05,NULL,"N/A - still employed",Active,"Professional Society","Exceeds",4.0,NULL,NULL,NULL,NULL,"Professional Society",NULL,NULL,NULL,1200,11.66,"Within Range"
Dunn,Amy,1409070147,44,Female,Single,White,No,"US Citizen",MA,1731,Production,"Production Manager",51.00,"Janet King",2014-09-18,NULL,"N/A - still employed",Active,"Search Engine - Google Bing Yahoo","Fully Meets",3.0,0,0,0,0,"Search Engine - Google Bing Yahoo",NULL,NULL,NULL,5183,10.96,"Within Range"
Eaton,Marianne,1406067865,26,Female,Married,White,No,"US Citizen",MA,2343,Production,"Production Technician I",17.00,"Kissy Sullivan",2011-04-04,2013-06-06,military,"Voluntarily Terminated","Search Engine - Google Bing Yahoo","Fully Meets",3.0,1,0,11,12,"Search Engine - Google Bing Yahoo",30000,40000,50000,5183,2.18,"Below Range"
Engdahl,Jean,1007020403,43,Male,Single,White,No,"US Citizen",MA,2026,Production,"Production Technician I",21.25,"Kelley Spirea",2014-11-10,NULL,"N/A - still employed",Active,"MBTA ads","Fully Meets",3.0,1,0,10,12,"MBTA ads",30000,40000,50000,10980,10.81,"Below Range"
England,Rex,1101023612,39,Male,Married,White,No,"US Citizen",MA,2045,Production,"Production Technician I",21.00,"Kelley Spirea",2014-03-31,NULL,"N/A - still employed",Active,"Employee Referral","90-day meets",2.5,0,0,6,7,"Employee Referral",30000,40000,50000,0,11.42,"Below Range"
Erilus,Angela,1105025661,28,Female,Separated,White,No,"US Citizen",MA,2133,Production,"Production Technician II",24.00,"Michael Albert",2014-07-07,NULL,"N/A - still employed",Active,"Pay Per Click - Google","PIP",1.0,1,0,13,13,"Pay Per Click - Google",38000,48000,58000,3510,11.16,"Below Range"
Estremera,Miguel,1104025243,34,Male,Single,White,No,"US Citizen",MA,2129,Production,"Production Technician I",17.00,"Michael Albert",2012-04-02,2014-09-27,attendance,"Terminated for Cause","Word of Mouth","Needs Improvement",2.0,3,2,4,5,"Word of Mouth",30000,40000,50000,0,2.49,"Below Range"
Evensen,April,1107027392,28,Female,Single,White,No,"US Citizen",MA,2458,Production,"Production Technician I",18.00,"Elijiah Gray",2014-02-17,2014-02-25,"no-call, no-show","Terminated for Cause","Word of Mouth","N/A- too early to review",NULL,2,0,5,4,"Word of Mouth",30000,40000,50000,0,0.02,"Below Range"
Exantus,Susan,1401064670,30,Female,Married,"Black or African American",No,"US Citizen",MA,1749,"Software Engineering","Software Engineer",48.50,"Alex Sweetwater",2011-05-02,NULL,attendance,"Terminated for Cause",Billboard,"Needs Improvement",2.0,NULL,NULL,NULL,NULL,Billboard,NULL,NULL,NULL,6192,14.34,"Within Range"
Faller,Megan,1108028428,39,Female,Married,"Black or African American",No,"US Citizen",MA,1824,Production,"Production Technician II",27.00,"Elijiah Gray",2014-07-07,NULL,"N/A - still employed",Active,"Professional Society","Fully Meets",3.0,0,0,15,18,"Professional Society",38000,48000,58000,1200,11.16,"Below Range"
Fancett,Nicole,1402065085,30,Female,Single,"Black or African American",No,"US Citizen",MA,2324,Production,"Production Technician II",24.00,"Webster Butler",2014-02-17,NULL,"N/A - still employed",Active,Newspager/Magazine,"Fully Meets",3.0,0,0,15,14,Newspager/Magazine,38000,48000,58000,8291,11.54,"Below Range"
Favis,Donald,1412071562,53,Male,Single,"Black or African American",No,"US Citizen",CT,6033,IT/IS,"Sr. DBA",58.20,"Simon Roup",2014-02-17,2016-02-19,hours,"Terminated for Cause","Vendor Referral","Fully Meets",3.0,NULL,NULL,NULL,NULL,"Vendor Referral",92863,116007,139170,0,2.01,"Below Range"
Ferguson,Susan,1502072511,62,Female,Married,White,No,"US Citizen",MA,2176,Production,"Production Technician I",20.00,"Webster Butler",2011-11-07,2014-05-17,military,"Voluntarily Terminated","Search Engine - Google Bing Yahoo","Fully Meets",3.0,1,0,11,10,"Search Engine - Google Bing Yahoo",30000,40000,50000,5183,2.53,"Below Range"
Fernandes,Nilson,1302053339,28,Male,Married,White,No,"US Citizen",MA,2132,Production,"Production Technician I",18.00,"Amy Dunn",2015-05-11,NULL,"N/A - still employed",Active,"Professional Society","N/A- too early to review",NULL,1,0,4,6,"Professional Society",30000,40000,50000,1200,10.31,"Below Range"
Ferreira,Violeta,803009012,31,Female,Single,White,No,"US Citizen",MA,2176,Production,"Production Technician I",23.00,"Ketsia Liebig",2012-02-20,NULL,"N/A - still employed",Active,Newspager/Magazine,"Fully Meets",3.0,1,0,10,10,Newspager/Magazine,30000,40000,50000,8291,13.53,"Below Range"
Fidelia,Libby,1006020020,36,Female,Married,White,No,"US Citizen",MA,2155,Production,"Production Technician I",24.00,"Brannon Miller",2012-01-09,NULL,"N/A - still employed",Active,"Social Networks - Facebook Twitter etc","Fully Meets",3.0,0,0,12,13,"Social Networks - Facebook Twitter etc",30000,40000,50000,5573,13.65,"Below Range"
Fitzpatrick,"Michael  J",1109029103,36,Male,Single,White,Yes,"US Citizen",MA,2143,Production,"Production Technician II",29.00,"Amy Dunn",2011-05-16,2013-06-24,hours,"Voluntarily Terminated","Social Networks - Facebook Twitter etc","Fully Meets",3.0,0,0,14,14,"Social Networks - Facebook Twitter etc",38000,48000,58000,5573,2.11,"Below Range"
Foreman,Tanya,1012023204,34,Female,Married,White,No,"US Citizen",MA,2170,Production,"Production Technician II",24.00,"Ketsia Liebig",2011-04-04,2012-01-09,"career change","Voluntarily Terminated","Word of Mouth","Fully Meets",3.0,3,3,3,1,"Word of Mouth",38000,48000,58000,0,0.77,"Below Range"
Foss,Jason,1192991000,37,Male,Single,"Black or African American",No,"US Citizen",MA,1460,IT/IS,"IT Director",65.00,"Jennifer Zamora",2011-04-15,NULL,"N/A - still employed",Active,"Professional Society","Exceptional",5.0,NULL,NULL,NULL,NULL,"Professional Society",NULL,NULL,NULL,1200,14.39,"Within Range"
Foster-Baker,Amy,1201031308,38,Female,Married,White,no,"US Citizen",MA,2050,"Admin Offices","Sr. Accountant",34.95,"Board of Directors",2009-01-05,NULL,"N/A - still employed",Active,Other,"Fully Meets",3.0,NULL,NULL,NULL,NULL,Other,63264,76988,92454,3995,16.66,"Below Range"
Fraval,Maruk,1411071302,54,Male,Single,"Black or African American",No,"US Citizen",CT,6050,Sales,"Area Sales Manager",55.00,"Lynn Daneault",2011-09-06,NULL,"N/A - still employed",Active,Monster.com,"Fully Meets",3.0,NULL,NULL,NULL,NULL,Monster.com,NULL,NULL,NULL,5760,13.99,"Within Range"
Friedman,Gerry,1204032843,48,Male,Single,"Two or more races",Yes,"US Citizen",NY,10171,Sales,"Area Sales Manager",55.50,"John Smith",2011-03-07,NULL,"N/A - still employed",Active,"Diversity Job Fair","Fully Meets",3.0,NULL,NULL,NULL,NULL,"Diversity Job Fair",NULL,NULL,NULL,10021,14.49,"Within Range"
Galia,Lisa,1501072093,49,Female,Single,White,No,"US Citizen",CT,6040,IT/IS,"IT Support",31.40,"Eric Dougall",2010-05-01,NULL,"N/A - still employed",Active,"Vendor Referral","Fully Meets",3.0,NULL,NULL,NULL,NULL,"Vendor Referral",NULL,NULL,NULL,0,15.34,"Within Range"
Garcia,Raul,1309061015,32,Male,Single,White,Yes,"US Citizen",MA,1905,Production,"Production Technician I",19.00,"David Stanley",2015-03-30,NULL,"N/A - still employed",Active,"Employee Referral","N/A- too early to review",NULL,1,0,7,6,"Employee Referral",30000,40000,50000,0,10.43,"Below Range"
Garneau,Hamish,1104025414,37,Male,Single,Asian,No,"US Citizen",MA,1550,Production,"Production Technician I",18.00,"Kissy Sullivan",2013-07-08,NULL,"N/A - still employed",Active,"Professional Society","Fully Meets",3.0,0,0,9,8,"Professional Society",30000,40000,50000,1200,12.15,"Below Range"
Gaul,Barbara,1105026041,34,Female,widowed,"Black or African American",Yes,"US Citizen",MA,2121,Production,"Production Technician I",24.00,"Kelley Spirea",2011-05-16,NULL,"N/A - still employed",Active,"MBTA ads","Fully Meets",3.0,0,0,12,13,"MBTA ads",30000,40000,50000,10980,14.30,"Below Range"
Gentry,Mildred,1501072192,27,Female,Married,"Black or African American",No,"US Citizen",MA,2145,Production,"Production Technician I",19.00,"Michael Albert",2015-03-30,NULL,"N/A - still employed",Active,"Professional Society","N/A- too early to review",NULL,2,0,5,8,"Professional Society",30000,40000,50000,1200,10.43,"Below Range"
Gerke,Melisa,1308060622,47,Female,Divorced,White,No,"US Citizen",MA,2330,Production,"Production Technician I",22.00,"Elijiah Gray",2011-11-07,2011-11-15,hours,"Voluntarily Terminated","Diversity Job Fair","N/A- too early to review",NULL,1,0,5,7,"Diversity Job Fair",30000,40000,50000,10021,0.02,"Below Range"
Gill,Whitney,1302053046,46,Female,widowed,"Black or African American",No,"US Citizen",OH,43050,Sales,"Area Sales Manager",55.00,"John Smith",2014-07-07,2015-09-05,attendance,"Terminated for Cause",Monster.com,"Fully Meets",3.0,NULL,NULL,NULL,NULL,Monster.com,NULL,NULL,NULL,5760,1.16,"Within Range"
Gilles,Alex,1008020960,43,Male,Married,"Black or African American",No,"US Citizen",MA,2062,Production,"Production Technician I",15.00,"Webster Butler",2012-04-02,2015-06-25,military,"Voluntarily Terminated","Diversity Job Fair","Needs Improvement",2.0,4,2,5,6,"Diversity Job Fair",30000,40000,50000,10021,3.23,"Below Range"
Girifalco,Evelyn,1204032927,37,Female,Single,"Two or more races",Yes,"US Citizen",MA,2451,Production,"Production Technician I",16.00,"Amy Dunn",2014-09-29,NULL,"N/A - still employed",Active,"Professional Society","Exceeds",4.0,0,0,16,18,"Professional Society",30000,40000,50000,1200,10.93,"Below Range"
Givens,Myriam,1203032099,28,Female,Single,White,No,"US Citizen",IN,46204,Sales,"Area Sales Manager",55.00,"Lynn Daneault",2015-02-16,NULL,"N/A - still employed",Active,"Pay Per Click - Google","90-day meets",2.5,NULL,NULL,NULL,NULL,"Pay Per Click - Google",NULL,NULL,NULL,3510,10.54,"Within Range"
Goble,Taisha,905013738,46,Female,Single,White,No,"US Citizen",MA,2127,IT/IS,"Database Administrator",48.50,"Simon Roup",2015-02-16,2015-03-15,"no-call, no-show","Terminated for Cause",Glassdoor,"Fully Meets",3.0,NULL,NULL,NULL,NULL,Glassdoor,50569,68306,93312,0,0.07,"Below Range"
Gold,Shenice,1408069539,25,Female,Single,White,Yes,"US Citizen",MA,2451,Production,"Production Technician I",17.00,"Ketsia Liebig",2013-11-11,NULL,"N/A - still employed",Active,Glassdoor,"Fully Meets",3.0,1,0,13,12,Glassdoor,30000,40000,50000,0,11.81,"Below Range"
Gonzales,Ricardo,1411071481,63,Male,Married,White,No,"US Citizen",ID,83706,Sales,"Area Sales Manager",55.50,"John Smith",2014-12-05,NULL,"N/A - still employed",Active,Monster.com,"Fully Meets",3.0,NULL,NULL,NULL,NULL,Monster.com,NULL,NULL,NULL,5760,10.74,"Within Range"
Gonzalez,Maria,1988299991,36,Female,Separated,White,Yes,"US Citizen",MA,2472,IT/IS,"Network Engineer",39.00,"Peter Monroe",2015-01-05,NULL,"N/A - still employed",Active,"Employee Referral","Fully Meets",3.0,NULL,NULL,NULL,NULL,"Employee Referral",50845,66850,88279,0,10.66,"Below Range"
Gonzalez,Cayo,1411071212,48,Male,Divorced,"American Indian or Alaska Native",No,"US Citizen",MA,2108,Production,"Production Technician I",16.00,"Brannon Miller",2011-07-11,NULL,"N/A - still employed",Active,"Diversity Job Fair","Exceeds",4.0,0,0,16,16,"Diversity Job Fair",30000,40000,50000,10021,14.15,"Below Range"
Gonzalez,Juan,1411071324,53,Male,Married,"Black or African American",No,"US Citizen",MA,2128,Production,"Production Technician II",29.00,"Brannon Miller",2010-04-26,2011-05-30,"career change","Voluntarily Terminated","Diversity Job Fair","PIP",1.0,1,0,12,10,"Diversity Job Fair",38000,48000,58000,10021,1.09,"Below Range"
Good,Susan,1001549006,31,Female,Married,White,No,"US Citizen",MA,1886,Production,"Production Technician II",24.25,"David Stanley",2014-12-05,NULL,"N/A - still employed","Leave of Absence","Professional Society","Fully Meets",3.0,1,1,14,15,"Professional Society",38000,48000,58000,1200,10.74,"Below Range"
Gordon,David,1106026579,38,Male,Married,White,No,"US Citizen",MA,2169,Production,"Production Technician I",15.00,"David Stanley",2012-07-02,NULL,"N/A - still employed",Active,"MBTA ads","Fully Meets",3.0,0,0,14,15,"MBTA ads",30000,40000,50000,10980,13.17,"Below Range"
Gosciminski,Phylicia,1108028351,34,Female,Separated,"American Indian or Alaska Native",No,"US Citizen",MA,1824,Production,"Production Technician II",27.00,"Kissy Sullivan",2013-09-30,NULL,"N/A - still employed","Leave of Absence","Word of Mouth","Fully Meets",3.0,1,0,12,12,"Word of Mouth",38000,48000,58000,0,11.92,"Below Range"
Goyal,Roxana,1312063675,43,Female,Married,Asian,No,"US Citizen",MA,1864,Production,"Production Technician I",24.00,"Kissy Sullivan",2013-08-19,NULL,"N/A - still employed","Leave of Absence","On-campus Recruiting","Fully Meets",3.0,0,0,11,10,"On-campus Recruiting",30000,40000,50000,7500,12.04,"Below Range"
Gray,Elijiah,1307060077,36,Male,Divorced,White,No,"US Citizen",MA,1752,Production,"Production Manager",54.00,"Janet King",2015-02-06,NULL,"N/A - still employed",Active,"Employee Referral","Fully Meets",3.0,0,0,0,0,"Employee Referral",NULL,NULL,NULL,0,10.57,"Within Range"
Gross,Paula,1103024859,34,Female,Divorced,White,No,"US Citizen",MA,2176,Production,"Production Technician I",14.00,"Kelley Spirea",2011-02-21,2014-01-11,"more money","Voluntarily Terminated",Monster.com,"Fully Meets",3.0,0,0,9,10,Monster.com,30000,40000,50000,5760,2.89,"Below Range"
Guilianno,Mike,1001167253,48,Male,Single,"Two or more races",No,"US Citizen",TN,37129,Sales,"Area Sales Manager",55.00,"John Smith",2011-03-07,2014-10-31,"relocation out of area","Voluntarily Terminated",Newspager/Magazine,"Fully Meets",3.0,NULL,NULL,NULL,NULL,Newspager/Magazine,NULL,NULL,NULL,8291,3.65,"Within Range"
Handschiegl,Joanne,1405067064,40,Female,Married,White,No,"US Citizen",MA,2127,Production,"Production Technician I",24.00,"Michael Albert",2011-11-28,NULL,"N/A - still employed",Active,"Word of Mouth","Fully Meets",3.0,1,0,11,12,"Word of Mouth",30000,40000,50000,0,13.76,"Below Range"
Hankard,Earnest,1307059937,29,Male,Single,White,Yes,"US Citizen",MA,2155,Production,"Production Technician II",24.00,"Kelley Spirea",2013-11-11,NULL,"N/A - still employed",Active,Newspager/Magazine,"Fully Meets",3.0,0,0,15,16,Newspager/Magazine,38000,48000,58000,8291,11.81,"Below Range"
Harrell,Ludwick,1406068241,35,Male,Married,Asian,No,"US Citizen",MA,1776,Production,"Production Technician I",21.00,"Elijiah Gray",2012-05-14,NULL,"N/A - still employed",Active,"Search Engine - Google Bing Yahoo","Fully Meets",3.0,0,0,10,11,"Search Engine - Google Bing Yahoo",30000,40000,50000,5183,13.30,"Below Range"
Harrington,Christie,1110029602,65,Female,Single,White,No,"US Citizen",MA,2324,Production,"Production Technician I",19.75,"Webster Butler",2012-01-09,2015-12-15,retiring,"Voluntarily Terminated",Monster.com,"Fully Meets",3.0,0,0,14,13,Monster.com,30000,40000,50000,5760,3.93,"Below Range"
Harrison,Kara,1404066622,43,Female,Married,White,No,"US Citizen",MA,1886,Production,"Production Technician I",20.00,"Amy Dunn",2014-12-05,NULL,"N/A - still employed",Active,Monster.com,"Exceeds",4.0,0,0,16,17,Monster.com,30000,40000,50000,5760,10.74,"Below Range"
Heitzman,Anthony,1002017900,34,Male,Single,White,No,"US Citizen",MA,2149,Production,"Production Technician I",19.00,"Ketsia Liebig",2012-08-13,NULL,"N/A - still employed",Active,"Social Networks - Facebook Twitter etc","90-day meets",2.5,2,0,6,10,"Social Networks - Facebook Twitter etc",30000,40000,50000,5573,13.05,"Below Range"
Hendrickson,Trina,1011022932,45,Female,Single,White,No,"US Citizen",MA,2021,Production,"Production Technician II",24.00,"Kelley Spirea",2011-01-10,2013-02-18,hours,"Voluntarily Terminated",Monster.com,"Fully Meets",3.0,0,0,14,15,Monster.com,38000,48000,58000,5760,2.11,"Below Range"
Hernandez,Daniff,1410071156,31,Male,Married,"Black or African American",No,"US Citizen",MA,1960,IT/IS,"Database Administrator",40.10,"Simon Roup",2015-02-16,2015-02-22,"no-call, no-show","Terminated for Cause","Employee Referral","N/A- too early to review",NULL,NULL,NULL,NULL,NULL,"Employee Referral",50569,68306,93312,0,0.02,"Below Range"
Hogland,Jonathan,1001944783,45,Male,Married,White,No,"US Citizen",MA,1890,Production,"Production Manager",48.50,"Janet King",2011-01-10,2015-12-12,attendance,"Terminated for Cause","Employee Referral","Fully Meets",3.0,0,0,0,0,"Employee Referral",NULL,NULL,NULL,0,4.92,"Within Range"
Homberger,"Adrienne  J",1207046956,33,Female,Married,White,No,Non-Citizen,MA,2445,Production,"Production Technician II",28.00,"Michael Albert",2011-08-15,2012-04-07,"relocation out of area","Voluntarily Terminated",Glassdoor,"Fully Meets",3.0,2,1,5,6,Glassdoor,38000,48000,58000,0,0.65,"Below Range"
Horton,Jayne,1105025718,33,Female,Single,White,No,"US Citizen",MA,2493,IT/IS,"Database Administrator",34.00,"Simon Roup",2015-03-30,NULL,"N/A - still employed",Active,Glassdoor,"N/A- too early to review",NULL,NULL,NULL,NULL,NULL,Glassdoor,50569,68306,93312,0,10.43,"Below Range"
Houlihan,Debra,1009021646,51,Female,Married,White,No,"US Citizen",RI,2908,Sales,"Director of Sales",60.00,"Janet King",2014-05-05,NULL,"N/A - still employed",Active,"MBTA ads","Fully Meets",3.0,NULL,NULL,NULL,NULL,"MBTA ads",NULL,NULL,NULL,10980,11.33,"Within Range"
Howard,Estelle,1211050782,32,Female,Married,White,No,"US Citizen",MA,2170,"Admin Offices","Administrative Assistant",21.50,"Brandon R. LeBlanc",2015-02-16,NULL,"N/A - still employed",Active,"Pay Per Click - Google","N/A- too early to review",NULL,NULL,NULL,NULL,NULL,"Pay Per Click - Google",30000,40000,50000,3510,10.54,"Below Range"
Hunts,Julissa,1106026433,33,Female,Single,White,No,"US Citizen",MA,2021,Production,"Production Technician II",25.00,"Elijiah Gray",2016-06-06,NULL,"N/A - Has not started yet","Future Start","Vendor Referral","N/A- too early to review",NULL,2,0,10,10,"Vendor Referral",38000,48000,58000,0,9.24,"Below Range"
Hutter,Rosalie,1103024924,25,Female,Separated,White,No,"US Citizen",MA,2351,Production,"Production Technician II",28.00,"Webster Butler",2015-06-05,NULL,"N/A - Has not started yet","Future Start",Other,"N/A- too early to review",NULL,0,0,11,10,Other,38000,48000,58000,3995,10.24,"Below Range"
Huynh,Ming,1306058509,41,Female,Divorced,White,No,"US Citizen",MA,1742,Production,"Production Technician II",23.00,"Amy Dunn",2011-02-21,2013-04-01,unhappy,"Voluntarily Terminated","Search Engine - Google Bing Yahoo","Fully Meets",3.0,0,0,16,17,"Search Engine - Google Bing Yahoo",38000,48000,58000,5183,2.11,"Below Range"
Immediato,Walter,1403065874,41,Male,Married,Asian,No,"US Citizen",MA,2128,Production,"Production Manager",42.00,"Janet King",2011-02-21,2012-09-24,unhappy,"Voluntarily Terminated",Other,"Needs Improvement",2.0,0,0,0,0,Other,NULL,NULL,NULL,3995,1.59,"Within Range"
Ivey,Rose,1408069882,27,Female,Single,White,No,"US Citizen",MA,1775,Production,"Production Technician I",16.00,"Brannon Miller",2013-08-19,NULL,"N/A - still employed",Active,"Professional Society","Fully Meets",3.0,2,0,12,15,"Professional Society",30000,40000,50000,1200,12.04,"Below Range"
Jackson,Maryellen,1201031438,45,Female,Separated,White,No,"US Citizen",MA,2081,Production,"Production Technician I",20.00,"David Stanley",2012-11-05,NULL,"N/A - still employed",Active,Newspager/Magazine,"Fully Meets",3.0,2,1,8,10,Newspager/Magazine,30000,40000,50000,8291,12.82,"Below Range"
Jacobi,Hannah,1503072857,51,Female,Divorced,White,No,"US Citizen",MA,1778,Production,"Production Technician I",21.00,"Kissy Sullivan",2013-09-30,NULL,"N/A - still employed",Active,"Employee Referral","Fully Meets",3.0,1,0,11,12,"Employee Referral",30000,40000,50000,0,11.92,"Below Range"
Jeannite,Tayana,1008020942,31,Female,Divorced,"American Indian or Alaska Native",No,"US Citizen",MA,1821,Production,"Production Technician II",22.50,"Ketsia Liebig",2011-07-05,NULL,"N/A - still employed",Active,"MBTA ads","Exceeds",4.0,0,0,19,17,"MBTA ads",38000,48000,58000,10980,14.16,"Below Range"
"Jeremy Prater",,1001084890,43,Male,Married,White,No,"US Citizen",NV,89139,Sales,"Area Sales Manager",56.00,"Lynn Daneault",2014-12-05,NULL,"N/A - still employed",Active,"Website Banner Ads","PIP",1.0,NULL,NULL,NULL,NULL,"Website Banner Ads",NULL,NULL,NULL,7145,10.74,"Within Range"
Jhaveri,Sneha,1412071713,53,Female,Separated,White,No,"US Citizen",MA,2109,Production,"Production Technician I",19.00,"Kelley Spirea",2014-01-06,NULL,"N/A - still employed",Active,"On-campus Recruiting","Fully Meets",3.0,0,0,12,14,"On-campus Recruiting",30000,40000,50000,7500,11.65,"Below Range"
Johnson,Noelle,1003018246,31,Female,Married,Asian,No,"US Citizen",MA,2301,IT/IS,"Database Administrator",40.00,"Simon Roup",2015-01-05,NULL,"N/A - still employed","Leave of Absence",Glassdoor,"90-day meets",2.5,NULL,NULL,NULL,NULL,Glassdoor,50569,68306,93312,0,10.66,"Below Range"
Johnson,George,1105025721,58,Male,Married,White,No,"US Citizen",MA,2445,Production,"Production Technician I",17.00,"Michael Albert",2011-11-07,2016-04-29,"more money","Voluntarily Terminated",Monster.com,"Exceeds",4.0,0,0,17,19,Monster.com,30000,40000,50000,5760,4.48,"Below Range"
Johnston,Yen,1306057810,48,Female,Single,White,No,"US Citizen",MA,2128,Production,"Production Technician II",25.00,"Brannon Miller",2014-07-07,NULL,"N/A - still employed",Active,"Professional Society","Exceptional",5.0,0,0,11,10,"Professional Society",38000,48000,58000,1200,11.16,"Below Range"
Jung,Judy,1107027450,31,Female,Married,White,No,"US Citizen",MA,2446,Production,"Production Technician I",21.00,"Elijiah Gray",2011-01-10,2016-04-01,unhappy,"Voluntarily Terminated",Monster.com,"90-day meets",2.5,3,0,7,9,Monster.com,30000,40000,50000,5760,5.23,"Below Range"
Kampew,Donysha,1109029264,28,Female,Single,White,No,"US Citizen",PA,19444,Sales,"Sales Manager",60.25,"Debra Houlihan",2011-11-07,NULL,"maternity leave - did not return","Voluntarily Terminated","Social Networks - Facebook Twitter etc","Fully Meets",3.0,NULL,NULL,NULL,NULL,"Social Networks - Facebook Twitter etc",NULL,NULL,NULL,5573,13.82,"Within Range"
Keatts,Kramer,1301052462,42,Male,Single,White,No,"US Citizen",MA,1887,Production,"Production Technician I",19.00,"Michael Albert",2013-09-30,NULL,"N/A - still employed",Active,Billboard,"Fully Meets",3.0,1,1,15,14,Billboard,30000,40000,50000,6192,11.92,"Below Range"
Khemmich,Bartholemew,1104025008,38,Male,Single,White,No,"US Citizen",CO,80820,Sales,"Area Sales Manager",55.00,"Lynn Daneault",2013-08-19,NULL,"N/A - still employed",Active,"Pay Per Click - Google","Fully Meets",3.0,NULL,NULL,NULL,NULL,"Pay Per Click - Google",NULL,NULL,NULL,3510,12.04,"Within Range"
King,Janet,1001495124,63,Female,Married,White,Yes,"US Citizen",MA,1902,"Executive Office","President & CEO",80.00,"Board of Directors",2012-07-02,NULL,"N/A - still employed",Active,"Pay Per Click - Google","Fully Meets",3.0,1,1,9,10,"Pay Per Click - Google",NULL,NULL,NULL,3510,13.17,"Within Range"
Kinsella,Kathleen,710007401,44,Female,Married,White,No,"US Citizen",MA,2170,Production,"Production Technician I",22.00,"Webster Butler",2011-09-26,2015-06-04,"more money","Voluntarily Terminated","Search Engine - Google Bing Yahoo","90-day meets",2.5,3,0,5,7,"Search Engine - Google Bing Yahoo",30000,40000,50000,5183,3.69,"Below Range"
Kirill,Alexandra,903013071,47,Female,Married,White,No,"US Citizen",MA,2127,Production,"Production Technician I",24.00,"Amy Dunn",2011-09-26,2012-01-09,"more money","Voluntarily Terminated","Search Engine - Google Bing Yahoo","Fully Meets",3.0,2,0,12,14,"Search Engine - Google Bing Yahoo",30000,40000,50000,5183,0.29,"Below Range"
Knapp,"Bradley  J",1304055683,40,Male,Single,"Black or African American",No,"US Citizen",MA,1721,Production,"Production Technician I",14.00,"Ketsia Liebig",2014-02-17,NULL,"N/A - still employed",Active,"On-campus Recruiting","Fully Meets",3.0,0,0,11,12,"On-campus Recruiting",30000,40000,50000,7500,11.54,"Below Range"
Kretschmer,John,1311062610,37,Male,Married,Asian,No,"US Citizen",MA,1801,Production,"Production Technician I",21.00,"Brannon Miller",2011-01-10,NULL,"N/A - still employed",Active,"Pay Per Click - Google","Fully Meets",3.0,0,0,14,13,"Pay Per Click - Google",30000,40000,50000,3510,14.65,"Below Range"
Lajiri,Jyoti,1108028108,31,Male,Married,White,No,"US Citizen",MA,2169,IT/IS,"Sr. Network Engineer",56.20,"Peter Monroe",2014-11-10,NULL,"N/A - still employed","Leave of Absence","Employee Referral","Fully Meets",3.0,NULL,NULL,NULL,NULL,"Employee Referral",79428,99458,120451,0,10.81,"Below Range"
Langford,Lindsey,1010022030,38,Female,Divorced,Asian,No,"US Citizen",MA,2090,Production,"Production Technician II",22.00,"David Stanley",2013-01-07,2014-03-31,"Another position","Voluntarily Terminated",Glassdoor,"Fully Meets",3.0,1,0,15,15,Glassdoor,38000,48000,58000,0,1.23,"Below Range"
Langton,Enrico,1304055987,31,Male,Married,White,No,"US Citizen",MA,2048,Production,"Production Technician I",17.00,"David Stanley",2012-07-09,NULL,"N/A - still employed",Active,Newspager/Magazine,"Fully Meets",3.0,0,0,13,14,Newspager/Magazine,30000,40000,50000,8291,13.15,"Below Range"
LaRotonda,William,1106026572,33,Male,Divorced,"Black or African American",No,"US Citizen",MA,1460,"Admin Offices","Accountant I",23.00,"Brandon R. LeBlanc",2014-01-06,NULL,"N/A - still employed",Active,"Website Banner Ads","Fully Meets",3.0,NULL,NULL,NULL,NULL,"Website Banner Ads",42274,51425,62299,7145,11.65,"Below Range"
Latif,Mohammed,1104025486,33,Male,Married,White,No,"US Citizen",MA,2126,Production,"Production Technician II",28.00,"Kissy Sullivan",2012-04-02,2013-04-15,"more money","Voluntarily Terminated","Word of Mouth","Fully Meets",3.0,1,0,15,14,"Word of Mouth",38000,48000,58000,0,1.04,"Below Range"
Leach,Dallas,1408069409,39,Female,Single,Asian,No,"US Citizen",MA,1810,Production,"Production Technician I",19.00,"Kissy Sullivan",2011-09-26,2013-08-19,"return to school","Voluntarily Terminated",Monster.com,"Fully Meets",3.0,1,0,12,12,Monster.com,30000,40000,50000,5760,1.90,"Below Range"
LeBel,"Jonathan  R",1107027575,36,Male,Single,White,No,"US Citizen",MA,2050,Production,"Production Technician I",15.00,"Kelley Spirea",2011-02-21,2011-08-04,attendance,"Terminated for Cause","Social Networks - Facebook Twitter etc","90-day meets",2.5,0,0,6,7,"Social Networks - Facebook Twitter etc",30000,40000,50000,5573,0.45,"Below Range"
LeBlanc,"Brandon  R",1102024115,33,Male,Married,White,No,"US Citizen",MA,1460,"Admin Offices","Shared Services Manager",55.00,"Janet King",2016-01-05,NULL,"N/A - still employed",Active,Monster.com,"Fully Meets",3.0,NULL,NULL,NULL,NULL,Monster.com,NULL,NULL,NULL,5760,9.66,"Within Range"
Leruth,Giovanni,1412071660,29,Male,Separated,"Black or African American",No,"US Citizen",UT,84111,Sales,"Area Sales Manager",55.00,"John Smith",2012-04-30,NULL,"N/A - still employed",Active,"Website Banner Ads","Fully Meets",3.0,NULL,NULL,NULL,NULL,"Website Banner Ads",NULL,NULL,NULL,7145,13.34,"Within Range"
Liebig,Ketsia,1103024679,36,Female,Married,White,No,"US Citizen",MA,2110,Production,"Production Manager",55.00,"Janet King",2013-09-30,NULL,"N/A - still employed",Active,"Website Banner Ads","Exceeds",4.0,0,0,0,0,"Website Banner Ads",NULL,NULL,NULL,7145,11.92,"Within Range"
Linares,Marilyn,1206042315,36,Female,Married,White,No,"US Citizen",MA,1886,Production,"Production Technician I",15.25,"Michael Albert",2011-07-05,2011-09-26,unhappy,"Voluntarily Terminated","Internet Search","N/A- too early to review",NULL,2,0,4,7,"Internet Search",30000,40000,50000,0,0.23,"Below Range"
Linden,Mathew,1405067565,38,Male,Married,White,No,"US Citizen",MA,1770,Production,"Production Technician II",22.00,"Kelley Spirea",2013-07-08,NULL,"N/A - still employed","Leave of Absence","Information Session","Fully Meets",3.0,2,1,5,7,"Information Session",38000,48000,58000,0,12.15,"Below Range"
Lindsay,Leonara,602000312,29,Female,Single,"Two or more races",Yes,"US Citizen",CT,6070,IT/IS,"IT Support",26.00,"Eric Dougall",2011-01-21,NULL,"N/A - still employed",Active,"Diversity Job Fair","Exceeds",4.0,NULL,NULL,NULL,NULL,"Diversity Job Fair",NULL,NULL,NULL,10021,14.62,"Within Range"
Lundy,Susan,1305056276,41,Female,widowed,White,No,"US Citizen",MA,2122,Production,"Production Technician II",24.00,"Michael Albert",2013-07-08,2013-09-15,"more money","Voluntarily Terminated","On-campus Recruiting","N/A- too early to review",NULL,0,0,18,16,"On-campus Recruiting",38000,48000,58000,7500,0.19,"Below Range"
Lunquist,Lisa,1001504432,35,Female,Single,"Black or African American",No,"US Citizen",MA,2324,Production,"Production Technician II",26.10,"Elijiah Gray",2013-08-19,NULL,"N/A - still employed",Active,Glassdoor,"Exceeds",4.0,4,0,8,8,Glassdoor,38000,48000,58000,0,12.04,"Below Range"
Lydon,Allison,1101023353,42,Female,Married,"Black or African American",No,"US Citizen",MA,2122,Production,"Production Technician I",20.00,"Elijiah Gray",2015-02-16,NULL,"N/A - still employed","Leave of Absence","Website Banner Ads","90-day meets",2.5,1,0,6,10,"Website Banner Ads",30000,40000,50000,7145,10.54,"Below Range"
Lynch,Lindsay,1001138521,44,Female,Single,"Two or more races",Yes,"US Citizen",MA,1844,Production,"Production Technician I",19.00,"Webster Butler",2011-11-07,2015-11-14,"Another position","Voluntarily Terminated","Diversity Job Fair","Exceeds",4.0,0,0,16,16,"Diversity Job Fair",30000,40000,50000,10021,4.02,"Below Range"
MacLennan,Samuel,1201031032,45,Male,widowed,White,No,"US Citizen",MA,1938,Production,"Production Technician I",15.00,"Amy Dunn",2012-09-24,2012-09-26,hours,"Voluntarily Terminated","Pay Per Click","N/A- too early to review",NULL,1,0,5,6,"Pay Per Click",30000,40000,50000,1325,0.01,"Below Range"
Mahoney,Lauren,1209049259,31,Female,Single,White,No,"US Citizen",MA,2189,Production,"Production Technician I",17.00,"Ketsia Liebig",2014-01-06,NULL,"N/A - still employed",Active,Newspager/Magazine,"Fully Meets",3.0,1,0,9,10,Newspager/Magazine,30000,40000,50000,8291,11.65,"Below Range"
Manchester,Robyn,1110029623,41,Female,Married,White,No,"US Citizen",MA,2324,Production,"Production Technician II",23.00,"Webster Butler",2016-05-11,NULL,"N/A - Has not started yet","Future Start","Vendor Referral","N/A- too early to review",NULL,1,0,6,5,"Vendor Referral",38000,48000,58000,0,9.31,"Below Range"
Mancuso,Karen,1304055986,31,Female,Married,"Two or more races",No,"US Citizen",MA,2176,Production,"Production Technician II",23.00,"Amy Dunn",2011-07-05,2011-08-19,"Another position","Voluntarily Terminated",Newspager/Magazine,"N/A- too early to review",NULL,1,0,5,5,Newspager/Magazine,38000,48000,58000,8291,0.12,"Below Range"
Mangal,Debbie,1308060754,43,Female,Married,White,No,"US Citizen",MA,2451,Production,"Production Technician I",23.00,"Brannon Miller",2013-11-11,NULL,"N/A - still employed",Active,"On-campus Recruiting","Fully Meets",3.0,1,0,9,10,"On-campus Recruiting",30000,40000,50000,7500,11.81,"Below Range"
Martin,Sandra,1303054625,30,Female,Separated,Asian,No,"US Citizen",MA,2135,"Software Engineering","Software Engineer",55.51,"Alex Sweetwater",2013-11-11,NULL,"N/A - still employed",Active,"Search Engine - Google Bing Yahoo","Fully Meets",3.0,NULL,NULL,NULL,NULL,"Search Engine - Google Bing Yahoo",NULL,NULL,NULL,5183,11.81,"Within Range"
Martins,Joseph,1209048771,47,Male,Single,"Black or African American",No,"Eligible NonCitizen",TX,78207,Sales,"Area Sales Manager",56.00,"Lynn Daneault",2012-05-14,NULL,"N/A - still employed",Active,"Employee Referral","Fully Meets",3.0,NULL,NULL,NULL,NULL,"Employee Referral",NULL,NULL,NULL,0,13.30,"Within Range"
Maurice,Shana,1401064327,40,Female,Married,White,No,"US Citizen",MA,2330,Production,"Production Technician I",20.00,"David Stanley",2011-05-31,NULL,"N/A - still employed",Active,Other,"90-day meets",2.5,4,0,8,8,Other,30000,40000,50000,3995,14.26,"Below Range"
McCarthy,Brigit,1406067957,30,Female,Single,White,No,"US Citizen",MA,2149,Production,"Production Technician II",26.00,"Ketsia Liebig",2015-03-30,NULL,"N/A - still employed",Active,Newspager/Magazine,"N/A- too early to review",NULL,2,2,4,4,Newspager/Magazine,38000,48000,58000,8291,10.43,"Below Range"
Mckenna,Sandy,909015167,31,Female,Married,"Black or African American",No,"US Citizen",MA,2184,Production,"Production Technician I",24.00,"Kissy Sullivan",2013-01-07,NULL,"N/A - still employed",Active,Monster.com,"Fully Meets",3.0,0,0,12,10,Monster.com,30000,40000,50000,5760,12.65,"Below Range"
McKinzie,Jac,1209049326,33,Male,Married,"Two or more races",No,"US Citizen",TX,78789,Sales,"Area Sales Manager",55.00,"Lynn Daneault",2016-07-06,NULL,"N/A - Has not started yet","Future Start","Website Banner Ads","N/A- too early to review",NULL,NULL,NULL,NULL,NULL,"Website Banner Ads",NULL,NULL,NULL,7145,9.16,"Within Range"
Meads,Elizabeth,1409070245,49,Female,Single,"Black or African American",No,"US Citizen",MA,1760,Production,"Production Technician I",14.00,"Kelley Spirea",2012-04-02,2015-11-11,"Another position","Voluntarily Terminated","Diversity Job Fair","Fully Meets",3.0,1,0,9,11,"Diversity Job Fair",30000,40000,50000,10021,3.61,"Below Range"
Medeiros,Jennifer,1109029256,41,Female,Single,White,No,"US Citizen",MA,2346,Production,"Production Technician I",20.00,"Michael Albert",2015-03-30,NULL,"N/A - still employed",Active,Monster.com,"N/A- too early to review",NULL,1,1,6,6,Monster.com,30000,40000,50000,5760,10.43,"Below Range"
Merlos,Carlos,1012023013,30,Male,Single,White,No,"US Citizen",MA,2138,IT/IS,"Network Engineer",43.00,"Peter Monroe",2015-03-30,NULL,"N/A - still employed",Active,"Vendor Referral","N/A- too early to review",NULL,NULL,NULL,NULL,NULL,"Vendor Referral",50845,66850,88279,0,10.43,"Below Range"
Miller,Brannon,1107027351,36,Male,Single,Hispanic,yes,"US Citizen",MA,2045,Production,"Production Manager",53.00,"Janet King",2012-08-16,NULL,"N/A - still employed",Active,"Internet Search","Fully Meets",3.0,0,0,0,0,"Internet Search",NULL,NULL,NULL,0,13.05,"Within Range"
Miller,Ned,1205033439,32,Male,Single,White,No,"US Citizen",MA,2472,Production,"Production Technician II",25.00,"Brannon Miller",2011-08-15,2014-09-04,unhappy,"Voluntarily Terminated","MBTA ads","PIP",1.0,1,0,15,14,"MBTA ads",38000,48000,58000,10980,3.06,"Below Range"
Monkfish,Erasumus,1404066711,25,Male,Married,White,No,"US Citizen",MA,1450,Production,"Production Technician II",27.00,"David Stanley",2011-07-11,NULL,"N/A - still employed",Active,"Professional Society","Fully Meets",3.0,0,0,17,18,"Professional Society",38000,48000,58000,1200,14.15,"Below Range"
Monroe,Peter,1011022863,31,Male,Married,Hispanic,Yes,"Eligible NonCitizen",MA,2134,IT/IS,"IT Manager - Infra",63.00,"Jennifer Zamora",2012-02-15,NULL,"N/A - still employed",Active,"Diversity Job Fair","Needs Improvement",2.0,NULL,NULL,NULL,NULL,"Diversity Job Fair",NULL,NULL,NULL,10021,13.55,"Within Range"
Monterro,Luisa,1001103149,47,Female,Single,"Black or African American",No,"US Citizen",MA,2126,Production,"Production Technician II",25.00,"Kissy Sullivan",2013-05-13,NULL,"N/A - still employed",Active,Billboard,"Exceptional",5.0,1,1,10,12,Billboard,38000,48000,58000,6192,12.31,"Below Range"
Moran,Patrick,1408069503,41,Male,Single,Hispanic,No,"US Citizen",MA,2127,Production,"Production Technician II",26.00,"Kelley Spirea",2012-01-09,NULL,"N/A - still employed","Leave of Absence","Diversity Job Fair","Fully Meets",3.0,1,0,10,12,"Diversity Job Fair",38000,48000,58000,10021,13.65,"Below Range"
Morway,Tanya,1001956578,38,Female,Married,White,No,"US Citizen",MA,2048,IT/IS,"Network Engineer",27.00,"Peter Monroe",2015-02-16,NULL,"N/A - still employed",Active,Monster.com,"Fully Meets",3.0,NULL,NULL,NULL,NULL,Monster.com,50845,66850,88279,5760,10.54,"Below Range"
Motlagh,Dawn,1102024121,33,Female,Divorced,White,No,"US Citizen",MA,2453,Production,"Production Technician I",15.00,"Elijiah Gray",2013-04-01,NULL,"N/A - still employed",Active,"MBTA ads","Fully Meets",3.0,1,1,9,10,"MBTA ads",30000,40000,50000,10980,12.42,"Below Range"
Moumanil,Maliki,1301052436,43,Male,Separated,"Black or African American",No,"US Citizen",MA,1460,Production,"Production Technician II",29.00,"Michael Albert",2013-05-13,NULL,"N/A - still employed",Active,"On-campus Recruiting","Fully Meets",3.0,0,1,10,10,"On-campus Recruiting",38000,48000,58000,7500,12.31,"Below Range"
Mullaney,Howard,1306057978,42,Male,Single,"Two or more races",No,"US Citizen",AL,36006,Sales,"Area Sales Manager",55.00,"John Smith",2014-09-29,NULL,"N/A - still employed",Active,"Internet Search","Needs Improvement",2.0,NULL,NULL,NULL,NULL,"Internet Search",NULL,NULL,NULL,0,10.93,"Within Range"
Murray,Thomas,1406068403,29,Male,Divorced,"Black or African American",No,"US Citizen",TX,78230,IT/IS,"Database Administrator",35.50,"Simon Roup",2014-11-10,NULL,"N/A - still employed",Active,"Diversity Job Fair","Exceptional",5.0,NULL,NULL,NULL,NULL,"Diversity Job Fair",50569,68306,93312,10021,10.81,"Below Range"
Ndzi,Colombui,1204033041,28,Male,Single,"Black or African American",No,"US Citizen",MA,2110,Production,"Production Technician I",18.00,"Webster Butler",2011-09-26,2014-04-04,"return to school","Voluntarily Terminated","Diversity Job Fair","Fully Meets",3.0,0,0,12,11,"Diversity Job Fair",30000,40000,50000,10021,2.52,"Below Range"
Ndzi,Horia,1204033041,34,Male,Married,White,No,"US Citizen",MA,2421,Production,"Production Technician I",22.00,"Amy Dunn",2013-04-01,2016-05-25,"more money","Voluntarily Terminated","Employee Referral","Fully Meets",3.0,1,0,9,12,"Employee Referral",30000,40000,50000,0,3.15,"Below Range"
Newman,Richard,1302053044,40,Male,Married,White,No,"US Citizen",MA,2136,Production,"Production Technician I",21.00,"Ketsia Liebig",2014-12-05,NULL,"N/A - still employed","Leave of Absence","On-campus Recruiting","Fully Meets",3.0,1,0,11,10,"On-campus Recruiting",30000,40000,50000,7500,10.74,"Below Range"
Ngodup,Shari,1403066020,50,Female,Separated,Asian,No,"US Citizen",MA,1810,Production,"Production Technician I",15.00,"Brannon Miller",2013-04-01,NULL,"N/A - still employed",Active,"Diversity Job Fair","Exceeds",4.0,0,0,15,16,"Diversity Job Fair",30000,40000,50000,10021,12.42,"Below Range"
Nguyen,Lei-Ming,1203032357,33,Female,Single,White,No,"US Citizen",MA,2132,Production,"Production Technician I",19.00,"David Stanley",2013-07-08,NULL,"N/A - still employed",Active,"Vendor Referral","Fully Meets",3.0,0,0,9,10,"Vendor Referral",30000,40000,50000,0,12.15,"Below Range"
Nguyen,Dheepa,1111030684,28,Female,Single,"Two or more races",No,"US Citizen",GA,30428,Sales,"Area Sales Manager",55.00,"Lynn Daneault",2013-07-08,NULL,"N/A - still employed",Active,"Pay Per Click - Google","Fully Meets",3.0,NULL,NULL,NULL,NULL,"Pay Per Click - Google",NULL,NULL,NULL,3510,12.15,"Within Range"
Nowlan,Kristie,1104025435,32,Female,Single,White,No,"US Citizen",MA,1040,Production,"Production Technician II",26.39,"Elijiah Gray",2014-10-11,NULL,"N/A - still employed",Active,Glassdoor,"Fully Meets",3.0,3,0,6,7,Glassdoor,38000,48000,58000,0,10.89,"Below Range"
O'hare,Lynn,1206044851,37,Female,widowed,"Two or more races",No,"US Citizen",MA,2152,Production,"Production Technician I",18.50,"Kissy Sullivan",2014-03-31,2016-05-01,performance,"Terminated for Cause","Professional Society","PIP",1.0,3,3,4,2,"Professional Society",30000,40000,50000,1200,2.09,"Below Range"
Oliver,Brooke,1001856521,65,Female,Married,Asian,No,"US Citizen",MA,2492,Production,"Production Technician II",25.00,"Webster Butler",2012-05-14,2013-08-19,unhappy,"Voluntarily Terminated",Newspager/Magazine,"90-day meets",2.5,4,0,6,7,Newspager/Magazine,38000,48000,58000,8291,1.27,"Below Range"
Onque,Jasmine,1501072180,27,Female,Single,White,Yes,"US Citizen",FL,33174,Sales,"Area Sales Manager",57.00,"Lynn Daneault",2013-09-30,NULL,"N/A - still employed",Active,"Pay Per Click - Google","Fully Meets",3.0,NULL,NULL,NULL,NULL,"Pay Per Click - Google",NULL,NULL,NULL,3510,11.92,"Within Range"
Osturnka,Adeel,1404066949,41,Male,Married,White,No,"US Citizen",MA,2478,Production,"Production Technician I",16.00,"Kelley Spirea",2013-09-30,NULL,"N/A - still employed",Active,"On-campus Recruiting","Exceeds",4.0,0,0,16,16,"On-campus Recruiting",30000,40000,50000,7500,11.92,"Below Range"
Owad,Clinton,1103024335,38,Male,Single,"Black or African American",No,"US Citizen",MA,1760,Production,"Production Technician I",22.00,"Michael Albert",2014-02-17,NULL,"N/A - still employed",Active,"MBTA ads","Needs Improvement",2.0,2,1,6,4,"MBTA ads",30000,40000,50000,10980,11.54,"Below Range"
Ozark,Travis,812011761,35,Male,Single,White,No,"US Citizen",NC,27229,Sales,"Area Sales Manager",55.00,"John Smith",2015-01-05,NULL,"N/A - still employed",Active,"Website Banner Ads","90-day meets",2.5,NULL,NULL,NULL,NULL,"Website Banner Ads",NULL,NULL,NULL,7145,10.66,"Within Range"
Panjwani,Nina,1109029531,38,Female,Married,White,No,"US Citizen",MA,2351,Production,"Production Technician I",18.00,"Elijiah Gray",2011-07-02,2014-12-01,"Another position","Voluntarily Terminated","Social Networks - Facebook Twitter etc","Fully Meets",3.0,0,0,11,10,"Social Networks - Facebook Twitter etc",30000,40000,50000,5573,3.42,"Below Range"
Patronick,Luke,1112030979,38,Male,Single,Asian,No,"US Citizen",MA,1844,"Software Engineering","Software Engineer",52.25,"Alex Sweetwater",2011-07-11,NULL,"Another position","Voluntarily Terminated","Diversity Job Fair","Exceeds",4.0,NULL,NULL,NULL,NULL,"Diversity Job Fair",NULL,NULL,NULL,10021,14.15,"Within Range"
Pearson,Randall,1102023965,33,Male,Married,White,No,"US Citizen",MA,2747,IT/IS,"Database Administrator",41.00,"Simon Roup",2014-12-01,2016-05-01,performance,"Voluntarily Terminated","Employee Referral","Fully Meets",3.0,NULL,NULL,NULL,NULL,"Employee Referral",50569,68306,93312,0,1.42,"Below Range"
Pelech,Emil,1307060058,29,Male,Single,"Black or African American",No,"US Citizen",MA,2458,Production,"Production Technician I",24.00,"Webster Butler",2011-10-01,2012-12-28,"career change","Voluntarily Terminated","Search Engine - Google Bing Yahoo","Needs Improvement",2.0,2,1,5,4,"Search Engine - Google Bing Yahoo",30000,40000,50000,5183,1.24,"Below Range"
Pelletier,Ermine,1202031821,28,Female,Married,Asian,No,"US Citizen",MA,2472,Production,"Production Technician II",28.00,"Amy Dunn",2011-07-05,2011-09-15,unhappy,"Voluntarily Terminated",Monster.com,"N/A- too early to review",NULL,0,0,17,18,Monster.com,38000,48000,58000,5760,0.20,"Below Range"
Perry,Shakira,1109029186,31,Female,Single,White,No,"US Citizen",MA,2176,Production,"Production Technician I",22.00,"Amy Dunn",2011-05-16,2015-10-25,"medical issues","Voluntarily Terminated","MBTA ads","Fully Meets",3.0,0,0,14,14,"MBTA ads",30000,40000,50000,10980,4.45,"Below Range"
Peters,Lauren,1411071406,31,Female,Married,White,No,"US Citizen",MA,1886,Production,"Production Technician II",29.00,"Ketsia Liebig",2011-05-16,2012-02-04,"more money","Voluntarily Terminated","Pay Per Click - Google","Exceeds",4.0,0,0,9,10,"Pay Per Click - Google",38000,48000,58000,3510,0.72,"Below Range"
Peterson,Ebonee,1402065355,40,Female,Married,White,No,"US Citizen",MA,2030,Production,"Production Manager",38.50,"Janet King",2010-10-25,2016-05-18,"Another position","Voluntarily Terminated","Internet Search","Fully Meets",3.0,0,0,0,0,"Internet Search",NULL,NULL,NULL,0,5.57,"Within Range"
Peterson,Kayla,1307059944,44,Female,Married,White,No,"US Citizen",MA,1749,Production,"Production Technician I",17.00,"Ketsia Liebig",2010-04-26,NULL,"N/A - still employed",Active,"Search Engine - Google Bing Yahoo","Fully Meets",3.0,0,0,10,9,"Search Engine - Google Bing Yahoo",30000,40000,50000,5183,15.36,"Below Range"
Petingill,Shana,1103024843,38,Female,Married,Asian,No,"Eligible NonCitizen",MA,2050,Production,"Production Technician II",26.00,"Brannon Miller",2012-04-02,NULL,"N/A - still employed",Active,"MBTA ads","Fully Meets",3.0,2,1,4,6,"MBTA ads",38000,48000,58000,10980,13.42,"Below Range"
Petrowsky,Thelma,1108027853,33,Female,Married,Asian,No,"US Citizen",MA,1886,IT/IS,"Database Administrator",42.75,"Simon Roup",2014-11-10,NULL,"N/A - still employed",Active,"Employee Referral","Exceptional",5.0,NULL,NULL,NULL,NULL,"Employee Referral",50569,68306,93312,0,10.81,"Below Range"
Pham,Hong,1305057440,29,Male,Married,White,No,"US Citizen",MA,2451,Production,"Production Technician I",18.00,"Brannon Miller",2011-07-05,2012-11-30,"more money","Voluntarily Terminated","Search Engine - Google Bing Yahoo","Fully Meets",3.0,0,0,10,12,"Search Engine - Google Bing Yahoo",30000,40000,50000,5183,1.41,"Below Range"
Pitt,Brad,1001735072,36,Male,Single,"Black or African American",No,"US Citizen",MA,2451,Production,"Production Technician I",17.00,"David Stanley",2007-11-05,NULL,"N/A - still employed",Active,"Search Engine - Google Bing Yahoo","Fully Meets",3.0,3,1,5,7,"Search Engine - Google Bing Yahoo",30000,40000,50000,5183,17.83,"Below Range"
Potts,Xana,1102024106,29,Female,Married,"Black or African American",No,"US Citizen",KY,40220,Sales,"Area Sales Manager",55.00,"Lynn Daneault",2012-01-09,NULL,"N/A - still employed",Active,"Website Banner Ads","Fully Meets",3.0,NULL,NULL,NULL,NULL,"Website Banner Ads",NULL,NULL,NULL,7145,13.65,"Within Range"
Power,Morissa,1102024274,33,Female,Divorced,Asian,No,"Eligible NonCitizen",MA,1742,Production,"Production Technician I",19.00,"Kissy Sullivan",2011-05-16,2011-06-04,"Another position","Voluntarily Terminated","Social Networks - Facebook Twitter etc","N/A- too early to review",NULL,2,0,12,12,"Social Networks - Facebook Twitter etc",30000,40000,50000,5573,0.05,"Below Range"
Punjabhi,Louis,1401064562,56,Male,Single,White,No,"US Citizen",MA,2109,Production,"Production Technician I",16.00,"Kelley Spirea",2014-01-06,NULL,"N/A - still employed",Active,"Employee Referral","Fully Meets",3.0,1,0,8,9,"Employee Referral",30000,40000,50000,0,11.65,"Below Range"
Purinton,Janine,1011022926,47,Female,Divorced,White,No,"US Citizen",MA,2474,Production,"Production Technician I",16.00,"Kissy Sullivan",2012-09-24,2013-06-18,unhappy,"Voluntarily Terminated",Billboard,"Fully Meets",3.0,0,0,9,10,Billboard,30000,40000,50000,6192,0.73,"Below Range"
Quinn,Sean,1206043417,33,Male,Married,"Black or African American",No,"Eligible NonCitizen",MA,2045,"Admin Offices","Shared Services Manager",55.00,"Janet King",2011-02-21,2015-08-15,"career change","Voluntarily Terminated","Diversity Job Fair","Fully Meets",3.0,NULL,NULL,NULL,NULL,"Diversity Job Fair",NULL,NULL,NULL,10021,4.48,"Within Range"
Rarrick,Quinn,1208048229,33,Male,Divorced,White,No,"US Citizen",MA,2478,Production,"Production Technician I",21.00,"Michael Albert",2011-09-26,2012-04-07,"more money","Voluntarily Terminated","Pay Per Click - Google","Fully Meets",3.0,0,0,11,12,"Pay Per Click - Google",30000,40000,50000,3510,0.53,"Below Range"
Rhoads,Thomas,1211050793,35,Male,Divorced,White,Yes,"US Citizen",MA,2176,Production,"Production Technician I",20.00,"Elijiah Gray",2011-05-16,2016-01-15,retiring,"Voluntarily Terminated","Professional Society","Fully Meets",3.0,0,0,17,18,"Professional Society",30000,40000,50000,1200,4.67,"Below Range"
Riordan,Michael,1502072711,50,Male,Separated,White,No,"US Citizen",ND,58782,Sales,"Area Sales Manager",55.00,"Lynn Daneault",2006-01-09,NULL,"N/A - still employed",Active,Billboard,"Exceeds",4.0,NULL,NULL,NULL,NULL,Billboard,NULL,NULL,NULL,6192,19.65,"Within Range"
Rivera,Haley,1405067642,45,Female,Married,Asian,No,"US Citizen",MA,2171,Production,"Production Technician I",22.00,"Webster Butler",2011-11-28,NULL,"N/A - still employed",Active,"Search Engine - Google Bing Yahoo","Exceeds",4.0,0,0,13,13,"Search Engine - Google Bing Yahoo",30000,40000,50000,5183,13.76,"Below Range"
Roberson,May,1402065340,36,Female,Divorced,White,No,"Eligible NonCitizen",MA,1902,Production,"Production Technician II",26.00,"David Stanley",2011-09-26,2011-10-22,"return to school","Voluntarily Terminated","Search Engine - Google Bing Yahoo","N/A- too early to review",NULL,0,0,12,12,"Search Engine - Google Bing Yahoo",38000,48000,58000,5183,0.07,"Below Range"
Robertson,Peter,1499902991,45,Male,Married,White,No,"US Citizen",MA,2138,Production,"Production Technician II",22.00,"Kissy Sullivan",2011-07-05,2012-02-08,"Another position","Voluntarily Terminated",Glassdoor,"Fully Meets",3.0,0,0,11,10,Glassdoor,38000,48000,58000,0,0.60,"Below Range"
Robinson,Alain,1206038000,44,Male,Married,"Black or African American",No,"US Citizen",MA,1420,Production,"Production Technician I",24.00,"Amy Dunn",2011-01-10,2016-01-26,attendance,"Voluntarily Terminated",Glassdoor,"Fully Meets",3.0,3,2,6,3,Glassdoor,30000,40000,50000,0,5.05,"Below Range"
Robinson,Cherly,1403065625,33,Female,Married,White,No,"US Citizen",MA,1460,Production,"Production Technician I",16.00,"Ketsia Liebig",2011-01-10,2016-05-17,attendance,"Terminated for Cause",Glassdoor,"Needs Improvement",2.0,0,0,17,19,Glassdoor,30000,40000,50000,0,5.35,"Below Range"
Robinson,Elias,1011022887,33,Male,widowed,White,No,"US Citizen",MA,1730,Production,"Production Technician I",17.00,"Brannon Miller",2013-07-08,NULL,"N/A - still employed",Active,"Employee Referral","Exceptional",5.0,1,0,10,13,"Employee Referral",30000,40000,50000,0,12.15,"Below Range"
Roby,Lori,1407068885,36,Female,Married,White,No,"US Citizen",MA,1886,IT/IS,"Database Administrator",39.55,"Simon Roup",2015-02-16,NULL,"N/A - still employed",Active,"Employee Referral","Fully Meets",3.0,NULL,NULL,NULL,NULL,"Employee Referral",50569,68306,93312,0,10.54,"Below Range"
Roehrich,Bianca,1111030266,44,Female,Single,White,Yes,"US Citizen",MA,2703,IT/IS,"Sr. DBA",58.50,"Simon Roup",2015-01-05,2015-11-10,"Another position","Voluntarily Terminated","Vendor Referral","90-day meets",2.5,NULL,NULL,NULL,NULL,"Vendor Referral",92863,116007,139170,0,0.85,"Below Range"
Rogers,Ivan,1203032255,31,Male,Married,White,No,"US Citizen",MA,1810,IT/IS,"Database Administrator",42.20,"Simon Roup",2015-03-30,NULL,"N/A - still employed",Active,"Pay Per Click - Google","N/A- too early to review",NULL,NULL,NULL,NULL,NULL,"Pay Per Click - Google",50569,68306,93312,3510,10.43,"Below Range"
Rose,Ashley,710007555,43,Female,Separated,White,No,"US Citizen",MA,1886,Production,"Production Technician I",17.00,"David Stanley",2014-01-06,NULL,"N/A - still employed",Active,"Website Banner Ads","Fully Meets",3.0,1,0,9,10,"Website Banner Ads",30000,40000,50000,7145,11.65,"Below Range"
Rossetti,Bruno,1405067492,30,Male,Single,White,No,"US Citizen",MA,2155,Production,"Production Technician I",18.00,"Kissy Sullivan",2011-04-04,2012-08-13,"Another position","Voluntarily Terminated","Search Engine - Google Bing Yahoo","Fully Meets",3.0,2,0,5,6,"Search Engine - Google Bing Yahoo",30000,40000,50000,5183,1.36,"Below Range"
Roup,Simon,1106026933,44,Male,Single,White,No,"US Citizen",MA,2481,IT/IS,"IT Manager - DB",62.00,"Jennifer Zamora",2013-01-20,NULL,"N/A - still employed",Active,"Professional Society","Fully Meets",3.0,NULL,NULL,NULL,NULL,"Professional Society",NULL,NULL,NULL,1200,12.62,"Within Range"
Ruiz,Ricardo,1001175250,54,Male,Divorced,"Two or more races",No,"US Citizen",MA,1915,IT/IS,"IT Manager - DB",21.00,"Jennifer Zamora",2012-01-09,2015-11-04,hours,"Voluntarily Terminated","Diversity Job Fair","Fully Meets",3.0,NULL,NULL,NULL,NULL,"Diversity Job Fair",NULL,NULL,NULL,10021,3.82,"Within Range"
Saada,Adell,1012023185,31,Female,Married,White,No,"US Citizen",MA,2132,"Software Engineering","Software Engineer",49.25,"Alex Sweetwater",2012-11-05,NULL,"N/A - still employed",Active,"Pay Per Click - Google","Fully Meets",3.0,NULL,NULL,NULL,NULL,"Pay Per Click - Google",NULL,NULL,NULL,3510,12.82,"Within Range"
Saar-Beckles,Melinda,1410070998,49,Female,Single,"Black or African American",No,"US Citizen",MA,1801,Production,"Production Technician I",20.00,"Kelley Spirea",2016-07-04,NULL,"N/A - Has not started yet","Future Start","Diversity Job Fair","N/A- too early to review",NULL,1,0,14,13,"Diversity Job Fair",30000,40000,50000,10021,9.16,"Below Range"
Sadki,Nore,1308060535,43,Male,Single,White,No,"US Citizen",MA,2148,Production,"Production Technician I",21.00,"Michael Albert",2009-01-05,2010-07-30,"relocation out of area","Voluntarily Terminated","Word of Mouth","Fully Meets",3.0,0,0,12,14,"Word of Mouth",30000,40000,50000,0,1.56,"Below Range"
Sahoo,Adil,1106026462,31,Male,Married,White,No,"US Citizen",MA,2062,Production,"Production Technician II",29.00,"Kelley Spirea",2010-08-30,NULL,"N/A - still employed",Active,Monster.com,"Fully Meets",3.0,0,0,14,17,Monster.com,38000,48000,58000,5760,15.01,"Below Range"
Salter,Jason,1111030148,30,Male,Divorced,"Black or African American",No,"US Citizen",MA,2452,IT/IS,"Database Administrator",45.00,"Simon Roup",2015-01-05,2015-10-31,hours,"Voluntarily Terminated","Vendor Referral","90-day meets",2.5,NULL,NULL,NULL,NULL,"Vendor Referral",50569,68306,93312,0,0.82,"Below Range"
Sander,Kamrin,1302053362,29,Female,Married,"Black or African American",No,"US Citizen",MA,2154,Production,"Production Technician I",21.00,"Elijiah Gray",2014-09-29,NULL,"N/A - still employed",Active,"On-campus Recruiting","Fully Meets",3.0,0,2,9,12,"On-campus Recruiting",30000,40000,50000,7500,10.93,"Below Range"
Semizoglou,Jeremiah,904013591,34,Male,Married,Asian,No,"US Citizen",MA,1545,IT/IS,"Sr. Network Engineer",53.80,"Peter Monroe",2016-06-30,NULL,"N/A - Has not started yet","Future Start","On-campus Recruiting","N/A- too early to review",NULL,NULL,NULL,NULL,NULL,"On-campus Recruiting",79428,99458,120451,7500,9.17,"Below Range"
Sewkumar,Nori,807010161,42,Female,Single,Asian,No,"US Citizen",MA,2191,Production,"Production Technician I",15.20,"Webster Butler",2013-09-30,NULL,"N/A - still employed","Leave of Absence","Search Engine - Google Bing Yahoo","Fully Meets",3.0,0,0,12,12,"Search Engine - Google Bing Yahoo",30000,40000,50000,5183,11.92,"Below Range"
Shepard,Anita,906014183,36,Female,Married,White,No,"US Citizen",MA,1773,IT/IS,"Network Engineer",47.00,"Peter Monroe",2014-09-30,NULL,"N/A - still employed",Active,"Vendor Referral","Fully Meets",3.0,NULL,NULL,NULL,NULL,"Vendor Referral",50845,66850,88279,0,10.92,"Below Range"
Shields,Seffi,1205033102,32,Female,Married,White,No,"US Citizen",MA,2149,Production,"Production Technician I",15.00,"Amy Dunn",2013-08-19,NULL,"N/A - still employed",Active,Newspager/Magazine,"Fully Meets",3.0,1,1,9,10,Newspager/Magazine,30000,40000,50000,8291,12.04,"Below Range"
Simard,Kramer,808010278,47,Male,Married,White,Yes,"US Citizen",MA,2110,IT/IS,"Database Administrator",30.20,"Simon Roup",2015-01-05,NULL,"N/A - still employed",Active,"Employee Referral","90-day meets",2.5,NULL,NULL,NULL,NULL,"Employee Referral",50569,68306,93312,0,10.66,"Below Range"
Singh,Nan,1307059817,29,Female,Single,White,No,"US Citizen",MA,2330,"Admin Offices","Administrative Assistant",16.56,"Brandon R. LeBlanc",2015-05-01,NULL,"N/A - still employed",Active,"Website Banner Ads","N/A- too early to review",NULL,NULL,NULL,NULL,NULL,"Website Banner Ads",30000,40000,50000,7145,10.34,"Below Range"
Sloan,Constance,1012023103,30,Female,Single,White,No,"US Citizen",MA,1851,Production,"Production Technician II",23.00,"Michael Albert",2009-10-26,2015-04-08,"maternity leave - did not return","Voluntarily Terminated",Monster.com,"Fully Meets",3.0,0,0,16,16,Monster.com,38000,48000,58000,5760,5.45,"Below Range"
Smith,"Leigh Ann",711007713,30,Female,Married,Asian,No,"US Citizen",MA,1844,"Admin Offices","Administrative Assistant",20.50,"Brandon R. LeBlanc",2011-09-26,2013-09-25,"career change","Voluntarily Terminated","Diversity Job Fair","Fully Meets",3.0,NULL,NULL,NULL,NULL,"Diversity Job Fair",30000,40000,50000,10021,2.00,"Below Range"
Smith,Sade,1501071909,53,Female,Single,White,No,"US Citizen",MA,2130,Production,"Production Technician I",24.50,"Ketsia Liebig",2013-11-11,NULL,"N/A - still employed",Active,"Employee Referral","Fully Meets",3.0,2,2,3,4,"Employee Referral",30000,40000,50000,0,11.81,"Below Range"
Smith,Joe,1001970770,54,Male,Single,White,No,"US Citizen",MA,2045,Production,"Production Technician II",22.00,"Elijiah Gray",2014-09-29,NULL,"N/A - still employed",Active,"Pay Per Click - Google","Exceeds",4.0,0,0,12,18,"Pay Per Click - Google",38000,48000,58000,3510,10.93,"Below Range"
Smith,John,1499902910,33,Male,Divorced,"Black or African American",no,"US Citizen",MA,1886,Sales,"Sales Manager",56.00,"Debra Houlihan",2014-05-18,NULL,"N/A - still employed",Active,"Diversity Job Fair","Needs Improvement",2.0,NULL,NULL,NULL,NULL,"Diversity Job Fair",NULL,NULL,NULL,10021,11.29,"Within Range"
Soto,Julia,1203032263,44,Female,Married,"Black or African American",No,"US Citizen",MA,2360,IT/IS,"IT Support",27.49,"Eric Dougall",2011-06-10,NULL,"N/A - still employed",Active,"Information Session","Fully Meets",3.0,NULL,NULL,NULL,NULL,"Information Session",NULL,NULL,NULL,0,14.23,"Within Range"
South,Joe,1308060959,52,Male,Single,White,No,"US Citizen",CT,6278,IT/IS,"Sr. Network Engineer",53.00,"Peter Monroe",2014-11-10,NULL,"N/A - still employed",Active,"Employee Referral","90-day meets",2.5,NULL,NULL,NULL,NULL,"Employee Referral",79428,99458,120451,0,10.81,"Below Range"
Sparks,Taylor,1410071137,49,Female,Married,White,No,"US Citizen",MA,2093,Production,"Production Technician I",16.00,"Brannon Miller",2012-02-20,NULL,"N/A - still employed",Active,Billboard,"PIP",1.0,0,0,16,15,Billboard,30000,40000,50000,6192,13.53,"Below Range"
Spirea,Kelley,1102024149,42,Female,Married,White,No,"US Citizen",MA,2451,Production,"Production Manager",52.00,"Janet King",2012-10-02,NULL,"N/A - still employed",Active,"Vendor Referral","Fully Meets",3.0,0,0,0,0,"Vendor Referral",NULL,NULL,NULL,0,12.92,"Within Range"
Squatrito,Kristen,1405067138,44,Female,Divorced,White,No,"US Citizen",MA,2359,Production,"Production Technician I",21.00,"David Stanley",2013-05-13,2015-06-29,unhappy,"Voluntarily Terminated","MBTA ads","Exceeds",4.0,1,1,9,10,"MBTA ads",30000,40000,50000,10980,2.13,"Below Range"
Stanford,"Barbara  M",1111030244,35,Female,Divorced,"Two or more races",No,"US Citizen",MA,2050,Production,"Production Technician I",14.00,"Kissy Sullivan",2011-01-10,NULL,"N/A - still employed",Active,"Word of Mouth","Fully Meets",3.0,1,1,10,12,"Word of Mouth",30000,40000,50000,0,14.65,"Below Range"
Stanley,David,1000974650,42,Male,Divorced,White,No,"US Citizen",MA,1803,Production,"Production Manager",53.00,"Janet King",2010-07-20,NULL,"N/A - still employed",Active,Monster.com,"Needs Improvement",2.0,0,0,0,0,Monster.com,NULL,NULL,NULL,5760,15.12,"Within Range"
Steans,Tyrone,1302053333,31,Male,Single,White,No,"US Citizen",MA,2703,"Admin Offices","Accountant I",29.00,"Brandon R. LeBlanc",2014-09-29,NULL,"N/A - still employed",Active,"Internet Search","Fully Meets",3.0,NULL,NULL,NULL,NULL,"Internet Search",42274,51425,62299,0,10.93,"Below Range"
Stoica,Rick,1106026896,32,Male,Married,Asian,No,"US Citizen",MA,2301,Production,"Production Technician I",22.00,"Kelley Spirea",2014-02-17,NULL,"N/A - still employed",Active,"On-campus Recruiting","Fully Meets",3.0,0,0,5,9,"On-campus Recruiting",30000,40000,50000,7500,11.54,"Below Range"
Strong,Caitrin,1411071295,28,Female,Married,"Black or African American",No,"US Citizen",MT,59102,Sales,"Area Sales Manager",54.00,"John Smith",2010-09-27,NULL,"N/A - still employed",Active,"Professional Society","Fully Meets",3.0,NULL,NULL,NULL,NULL,"Professional Society",NULL,NULL,NULL,1200,14.93,"Within Range"
Sullivan,Kissy,1405067298,39,Female,Married,"Black or African American",No,"US Citizen",MA,1776,Production,"Production Manager",55.00,"Janet King",2009-01-08,NULL,"N/A - still employed",Active,Billboard,"Fully Meets",3.0,0,0,0,0,Billboard,NULL,NULL,NULL,6192,16.65,"Within Range"
Sullivan,Timothy,1201031310,35,Male,Married,White,Yes,"US Citizen",MA,2747,Production,"Production Technician I",19.00,"Michael Albert",2015-01-05,NULL,"N/A - still employed",Active,"Word of Mouth","90-day meets",2.5,0,0,14,14,"Word of Mouth",30000,40000,50000,0,10.66,"Below Range"
Sutwell,Barbara,1407069061,49,Female,Single,Asian,No,"Eligible NonCitizen",MA,2718,Production,"Production Technician I",14.00,"Elijiah Gray",2012-05-14,NULL,"N/A - still employed",Active,Glassdoor,"Fully Meets",3.0,2,0,10,12,Glassdoor,30000,40000,50000,0,13.30,"Below Range"
Sweetwater,Alex,1001644719,51,Male,Single,White,No,"US Citizen",MA,2184,"Software Engineering","Software Engineering Manager",27.00,"Jennifer Zamora",2011-08-15,NULL,"N/A - still employed",Active,"Search Engine - Google Bing Yahoo","Fully Meets",3.0,0,0,9,10,"Search Engine - Google Bing Yahoo",NULL,NULL,NULL,5183,14.05,"Within Range"
Szabo,Andrew,1201031324,34,Male,Single,White,No,"US Citizen",MA,2140,"Software Engineering","Software Engineer",48.00,"Alex Sweetwater",2014-07-07,NULL,"N/A - still employed",Active,"MBTA ads","Exceptional",5.0,NULL,NULL,NULL,NULL,"MBTA ads",NULL,NULL,NULL,10980,11.16,"Within Range"
Tavares,Desiree,1405067501,42,Female,Married,"Two or more races",No,Non-Citizen,MA,1801,Production,"Production Technician I",15.00,"Webster Butler",2009-04-27,2013-04-01,"Another position","Voluntarily Terminated","Diversity Job Fair","Fully Meets",3.0,2,0,6,7,"Diversity Job Fair",30000,40000,50000,10021,3.93,"Below Range"
Tejeda,Lenora,1406068345,64,Female,Married,White,No,"US Citizen",MA,2129,Production,"Production Technician II",28.75,"Elijiah Gray",2011-05-16,2012-07-08,"Another position","Voluntarily Terminated","Search Engine - Google Bing Yahoo","Fully Meets",3.0,1,0,12,12,"Search Engine - Google Bing Yahoo",38000,48000,58000,5183,1.15,"Below Range"
Terry,Sharlene,1401064637,52,Female,Single,"Black or African American",No,"US Citizen",OR,97756,Sales,"Area Sales Manager",55.00,"Lynn Daneault",2014-09-29,NULL,"N/A - still employed",Active,Monster.com,"Fully Meets",3.0,NULL,NULL,NULL,NULL,Monster.com,NULL,NULL,NULL,5760,10.93,"Within Range"
Theamstern,Sophia,1404066739,52,Female,Single,White,No,"US Citizen",MA,2066,Production,"Production Technician I",20.00,"Amy Dunn",2011-07-05,2011-09-05,"return to school","Voluntarily Terminated",Billboard,"N/A- too early to review",NULL,1,0,5,9,Billboard,30000,40000,50000,6192,0.17,"Below Range"
Thibaud,Kenneth,1011022777,42,Male,widowed,White,No,"US Citizen",MA,2472,Production,"Production Technician II",23.00,"Webster Butler",2007-06-25,2010-08-30,military,"Voluntarily Terminated","Pay Per Click - Google","Fully Meets",3.0,1,0,12,13,"Pay Per Click - Google",38000,48000,58000,3510,3.18,"Below Range"
Tinto,Theresa,1103024504,34,Female,Divorced,White,No,"US Citizen",MA,1876,Production,"Production Technician I",20.00,"Ketsia Liebig",2011-01-10,2011-05-14,"Another position","Voluntarily Terminated","Social Networks - Facebook Twitter etc","90-day meets",2.5,2,1,8,9,"Social Networks - Facebook Twitter etc",30000,40000,50000,5573,0.34,"Below Range"
Tippett,Jeanette,1409070255,50,Female,Divorced,"Black or African American",No,"US Citizen",MA,2093,Production,"Production Technician I",24.00,"Brannon Miller",2013-02-18,NULL,"N/A - still employed",Active,Billboard,"Fully Meets",3.0,3,0,4,7,Billboard,30000,40000,50000,6192,12.54,"Below Range"
Trang,Mei,1012023152,34,Female,Single,White,No,"US Citizen",MA,2021,Production,"Production Technician I",22.00,"David Stanley",2014-02-17,NULL,"N/A - still employed",Active,"Professional Society","N/A- too early to review",NULL,0,0,15,16,"Professional Society",30000,40000,50000,1200,11.54,"Below Range"
Tredinnick,Neville,1104025466,29,Male,Married,White,No,"US Citizen",MA,1420,IT/IS,"Network Engineer",28.00,"Peter Monroe",2015-01-05,2015-05-12,"medical issues","Voluntarily Terminated",Monster.com,"Fully Meets",3.0,NULL,NULL,NULL,NULL,Monster.com,50845,66850,88279,5760,0.35,"Below Range"
Trzeciak,Cybil,1107027551,32,Female,Single,White,No,"US Citizen",MA,1778,Production,"Production Technician II",22.00,"Amy Dunn",2011-01-10,2012-07-02,unhappy,"Voluntarily Terminated","Vendor Referral","Fully Meets",3.0,0,1,12,14,"Vendor Referral",38000,48000,58000,0,1.48,"Below Range"
Turpin,Jumil,1411071506,48,Male,Married,White,No,"Eligible NonCitizen",MA,2343,IT/IS,"Network Engineer",49.10,"Peter Monroe",2015-03-30,NULL,"N/A - still employed",Active,"Employee Referral","N/A- too early to review",NULL,NULL,NULL,NULL,NULL,"Employee Referral",50845,66850,88279,0,10.43,"Below Range"
Valentin,Jackie,1312063714,26,Female,Married,"Two or more races",No,"US Citizen",AZ,85006,Sales,"Area Sales Manager",55.00,"John Smith",2011-07-05,NULL,"N/A - still employed",Active,Other,"Fully Meets",3.0,NULL,NULL,NULL,NULL,Other,NULL,NULL,NULL,3995,14.16,"Within Range"
Veera,Abdellah,1203032235,30,Male,Divorced,White,No,"US Citizen",MA,2171,Production,"Production Technician I",19.00,"Kissy Sullivan",2012-08-13,2016-02-05,"maternity leave - did not return","Voluntarily Terminated","Information Session","Exceeds",4.0,0,0,16,15,"Information Session",30000,40000,50000,0,3.48,"Below Range"
Villanueva,Noah,1111030503,28,Male,Single,Asian,No,"US Citizen",ME,4063,Sales,"Area Sales Manager",56.00,"John Smith",2012-03-05,NULL,"N/A - still employed",Active,"Website Banner Ads","Fully Meets",3.0,NULL,NULL,NULL,NULL,"Website Banner Ads",NULL,NULL,NULL,7145,13.50,"Within Range"
Volk,Colleen,1011022814,31,Female,Married,White,No,"US Citizen",MA,2747,Production,"Production Technician I",21.00,"Kelley Spirea",2011-09-26,2016-02-08,"gross misconduct","Terminated for Cause","Social Networks - Facebook Twitter etc","Exceeds",4.0,1,0,5,5,"Social Networks - Facebook Twitter etc",30000,40000,50000,5573,4.37,"Below Range"
"Von Massenbach",Anna,1106026474,32,Female,Single,White,No,"US Citizen",MA,2124,Production,"Production Technician I",20.00,"Michael Albert",2015-07-05,NULL,"N/A - Has not started yet","Future Start",Newspager/Magazine,"N/A- too early to review",NULL,3,4,7,9,Newspager/Magazine,30000,40000,50000,8291,10.16,"Below Range"
Walker,Roger,1011022818,41,Male,Single,"Black or African American",No,"US Citizen",MA,2459,Production,"Production Technician II",22.00,"Ketsia Liebig",2014-08-18,NULL,"N/A - still employed",Active,"Employee Referral","Fully Meets",3.0,0,0,18,17,"Employee Referral",38000,48000,58000,0,11.04,"Below Range"
Wallace,"Courtney  E",1410071026,62,Female,Married,"Black or African American",No,"US Citizen",MA,2478,Production,"Production Manager",33.50,"Janet King",2011-09-26,2012-01-02,"Another position","Voluntarily Terminated","Diversity Job Fair","Fully Meets",3.0,0,0,0,0,"Diversity Job Fair",NULL,NULL,NULL,10021,0.27,"Within Range"
Wallace,Theresa,1101023619,37,Female,Single,White,No,"US Citizen",MA,1887,Production,"Production Technician I",15.00,"Elijiah Gray",2012-08-13,2015-09-01,"career change","Voluntarily Terminated",Monster.com,"Needs Improvement",2.0,4,1,7,8,Monster.com,30000,40000,50000,5760,3.05,"Below Range"
Warfield,Sarah,1301052347,39,Female,widowed,Asian,No,"US Citizen",MA,2453,IT/IS,"Sr. Network Engineer",55.20,"Peter Monroe",2015-03-30,NULL,"N/A - still employed",Active,"Employee Referral","N/A- too early to review",NULL,NULL,NULL,NULL,NULL,"Employee Referral",79428,99458,120451,0,10.43,"Below Range"
Whittier,Scott,1307060212,30,Male,Single,White,Yes,"US Citizen",MA,2030,Production,"Production Technician I",23.00,"Webster Butler",2011-01-10,2011-05-15,hours,"Voluntarily Terminated",Newspager/Magazine,"90-day meets",2.5,0,0,14,13,Newspager/Magazine,30000,40000,50000,8291,0.34,"Below Range"
Wilber,Barry,1101023839,52,Male,Married,White,No,"Eligible NonCitizen",MA,2324,Production,"Production Technician I",21.00,"Amy Dunn",2011-05-16,2015-09-07,unhappy,"Voluntarily Terminated","Website Banner Ads","Fully Meets",3.0,1,0,9,12,"Website Banner Ads",30000,40000,50000,7145,4.32,"Below Range"
Williams,Jacquelyn,1308060671,48,Female,Single,"Two or more races",Yes,"US Citizen",MA,2109,Production,"Production Technician I",16.00,"Ketsia Liebig",2012-01-09,2015-06-27,"relocation out of area","Voluntarily Terminated","Diversity Job Fair","Fully Meets",3.0,2,2,3,5,"Diversity Job Fair",30000,40000,50000,10021,3.47,"Below Range"
Winthrop,Jordan,1405067188,59,male,Single,White,No,"US Citizen",MA,2045,Production,"Production Technician II",29.00,"Brannon Miller",2013-01-07,2016-02-21,retiring,"Voluntarily Terminated","Professional Society","Exceeds",4.0,0,0,12,11,"Professional Society",38000,48000,58000,1200,3.12,"Below Range"
Wolk,"Hang  T",1205033180,32,Female,Single,White,No,"US Citizen",MA,2302,Production,"Production Technician II",22.00,"David Stanley",2014-09-29,NULL,"N/A - still employed",Active,Newspager/Magazine,"Fully Meets",3.0,0,0,12,17,Newspager/Magazine,38000,48000,58000,8291,10.93,"Below Range"
Woodson,Jason,1012023010,32,Male,Single,White,No,"US Citizen",MA,1810,Production,"Production Technician II",24.25,"Kissy Sullivan",2014-07-07,NULL,"N/A - still employed",Active,"Vendor Referral","Fully Meets",3.0,NULL,0,NULL,NULL,"Vendor Referral",38000,48000,58000,0,11.16,"Below Range"
Ybarra,Catherine,1001268402,35,Female,Single,Asian,No,"US Citizen",MA,2458,Production,"Production Technician I",22.00,"Brannon Miller",2008-09-02,2015-09-29,"Another position","Voluntarily Terminated","Search Engine - Google Bing Yahoo","PIP",1.0,0,0,10,10,"Search Engine - Google Bing Yahoo",30000,40000,50000,5183,7.08,"Below Range"
Zamora,Jennifer,1112030816,38,Female,Single,White,No,"US Citizen",MA,2067,IT/IS,CIO,65.00,"Janet King",2010-04-10,NULL,"N/A - still employed",Active,"Employee Referral","Exceptional",5.0,NULL,NULL,NULL,NULL,"Employee Referral",NULL,NULL,NULL,0,15.40,"Within Range"
Zhou,Julia,1110029732,38,Female,Single,White,No,"US Citizen",MA,2148,IT/IS,"Database Administrator",31.40,"Simon Roup",2015-03-30,NULL,"N/A - still employed",Active,"Employee Referral","90-day meets",2.5,NULL,NULL,NULL,NULL,"Employee Referral",50569,68306,93312,0,10.43,"Below Range"
Zima,Colleen,1211051232,39,Female,widowed,Asian,No,"US Citizen",MA,1730,Production,"Production Technician I",15.00,"David Stanley",2014-09-29,NULL,"N/A - still employed",Active,"On-campus Recruiting","Fully Meets",3.0,2,0,9,10,"On-campus Recruiting",30000,40000,50000,7500,10.93,"Below Range"
TRUE,Edward,1102024057,34,Male,Single,"Black or African American",No,Non-Citizen,MA,2451,"Software Engineering","Software Engineer",45.42,"Alex Sweetwater",2013-02-18,NULL,"medical issues","Voluntarily Terminated","Diversity Job Fair","Fully Meets",3.0,NULL,NULL,NULL,NULL,"Diversity Job Fair",NULL,NULL,NULL,10021,12.54,"Within Range"
