Emp_FName,Emp_LName,Emp_ID,Age,Sex,Marital_status,RaceDesc,hisp_latina,CitizenDesc,State,Zip,Department,Position,Pay,Manager_Name,Hire_date,Termination_date,Reason_Termination,Emp_Status,Performance_Score,Daily_Error_Rate,day_90_Complaints,Abutments_Hour_Wk_1,Abutments_Hour_Wk_2,Recruitment_Source,sal_min,sal_mid,sal_max,total_recruitment_cost_by_source,tenure_years,pay_equity_status
Brown,Mia,1103024456,32,Female,Married,Black or African American,No,US Citizen,MA,1450,Admin Offices,Accountant I,28.5,Brandon R. LeBlanc,27-10-2008,NULL,N/A - still employed,Active,NULL,NULL,NULL,NULL,NULL,Active,42274,51425,62299,10021,16.8356,Below Range
LaRotonda,William,1106026572,33,Male,Divorced,Black or African American,No,US Citizen,MA,1460,Admin Offices,Accountant I,23,Brandon R. LeBlanc,06-01-2014,NULL,N/A - still employed,Active,NULL,NULL,NULL,NULL,NULL,Active,42274,51425,62299,7145,11.6384,Below Range
Steans,Tyrone,1302053333,31,Male,Single,White,No,US Citizen,MA,2703,Admin Offices,Accountant I,29,Brandon R. LeBlanc,29-09-2014,NULL,N/A - still employed,Active,NULL,NULL,NULL,NULL,NULL,Active,42274,51425,62299,0,10.9096,Below Range
Howard,Estelle,1211050782,32,Female,Married,White,No,US Citizen,MA,2170,Admin Offices,Administrative Assistant,21.5,Brandon R. LeBlanc,16-02-2015,15-04-2015,N/A - still employed,Active,NULL,NULL,NULL,NULL,NULL,Active,30000,40000,50000,3510,0.1589,Below Range
Singh,Nan,1307059817,29,Female,Single,White,No,US Citizen,MA,2330,Admin Offices,Administrative Assistant,16.56,Brandon R. LeBlanc,01-05-2015,NULL,N/A - still employed,Active,NULL,NULL,NULL,NULL,NULL,Active,30000,40000,50000,7145,10.3233,Below Range
Smith,Leigh Ann,711007713,30,Female,Married,Asian,No,US Citizen,MA,1844,Admin Offices,Administrative Assistant,20.5,Brandon R. LeBlanc,26-09-2011,25-09-2013,career change,Voluntarily Terminated,NULL,NULL,NULL,NULL,NULL,Voluntarily Terminated,30000,40000,50000,10021,2,Below Range
LeBlanc,Brandon  R,1102024115,33,Male,Married,White,No,US Citizen,MA,1460,Admin Offices,Shared Services Manager,55,Janet King,05-01-2016,NULL,N/A - still employed,Active,NULL,NULL,NULL,NULL,NULL,Active,NULL,NULL,NULL,5760,9.6411,Within Range
Quinn,Sean,1206043417,33,Male,Married,Black or African American,No,Eligible NonCitizen,MA,2045,Admin Offices,Shared Services Manager,55,Janet King,21-02-2011,15-08-2015,career change,Voluntarily Terminated,NULL,NULL,NULL,NULL,NULL,Voluntarily Terminated,NULL,NULL,NULL,10021,4.4822,Within Range
Boutwell,Bonalyn,1307060188,30,Female,Married,Asian,No,US Citizen,MA,2468,Admin Offices,Sr. Accountant,34.95,Brandon R. LeBlanc,16-02-2015,NULL,N/A - still employed,Active,NULL,NULL,NULL,NULL,NULL,Active,63264,76988,92454,10021,10.526,Below Range
Foster-Baker,Amy,1201031308,38,Female,Married,White,no,US Citizen,MA,2050,Admin Offices,Sr. Accountant,34.95,Board of Directors,05-01-2009,NULL,N/A - still employed,Active,NULL,NULL,NULL,NULL,NULL,Active,63264,76988,92454,3995,16.6438,Below Range
King,Janet,1001495124,63,Female,Married,White,Yes,US Citizen,MA,1902,Executive Office,President & CEO,80,Board of Directors,02-07-2012,NULL,N/A - still employed,Active,Fully Meets,1,1,9,10,Active,NULL,NULL,NULL,3510,13.1534,Within Range
Zamora,Jennifer,1112030816,38,Female,Single,White,No,US Citizen,MA,2067,IT/IS,CIO,65,Janet King,10-04-2010,NULL,N/A - still employed,Active,NULL,NULL,NULL,NULL,NULL,Active,NULL,NULL,NULL,0,15.3836,Within Range
Becker,Renee,1102024056,31,Female,Single,White,Yes,US Citizen,MA,2026,IT/IS,Database Administrator,43,Simon Roup,07-07-2014,12-09-2015,performance,Terminated for Cause,NULL,NULL,NULL,NULL,NULL,Terminated for Cause,50569,68306,93312,5183,1.1836,Below Range
Goble,Taisha,905013738,46,Female,Single,White,No,US Citizen,MA,2127,IT/IS,Database Administrator,48.5,Simon Roup,16-02-2015,15-03-2015,"no-call, no-show",Terminated for Cause,NULL,NULL,NULL,NULL,NULL,Terminated for Cause,50569,68306,93312,0,0.074,Below Range
Hernandez,Daniff,1410071156,31,Male,Married,Black or African American,No,US Citizen,MA,1960,IT/IS,Database Administrator,40.1,Simon Roup,16-02-2015,22-02-2015,"no-call, no-show",Terminated for Cause,NULL,NULL,NULL,NULL,NULL,Terminated for Cause,50569,68306,93312,0,0.0164,Below Range
Horton,Jayne,1105025718,33,Female,Single,White,No,US Citizen,MA,2493,IT/IS,Database Administrator,34,Simon Roup,30-03-2015,NULL,N/A - still employed,Active,NULL,NULL,NULL,NULL,NULL,Active,50569,68306,93312,0,10.411,Below Range
Johnson,Noelle,1003018246,31,Female,Married,Asian,No,US Citizen,MA,2301,IT/IS,Database Administrator,40,Simon Roup,05-01-2015,NULL,N/A - still employed,Leave of Absence,NULL,NULL,NULL,NULL,NULL,Leave of Absence,50569,68306,93312,0,10.6411,Below Range
Murray,Thomas,1406068403,29,Male,Divorced,Black or African American,No,US Citizen,TX,78230,IT/IS,Database Administrator,35.5,Simon Roup,10-11-2014,NULL,N/A - still employed,Active,NULL,NULL,NULL,NULL,NULL,Active,50569,68306,93312,10021,10.7945,Below Range
Pearson,Randall,1102023965,33,Male,Married,White,No,US Citizen,MA,2747,IT/IS,Database Administrator,41,Simon Roup,01-12-2014,01-05-2016,performance,Voluntarily Terminated,NULL,NULL,NULL,NULL,NULL,Voluntarily Terminated,50569,68306,93312,0,1.4164,Below Range
Petrowsky,Thelma,1108027853,33,Female,Married,Asian,No,US Citizen,MA,1886,IT/IS,Database Administrator,42.75,Simon Roup,10-11-2014,NULL,N/A - still employed,Active,NULL,NULL,NULL,NULL,NULL,Active,50569,68306,93312,0,10.7945,Below Range
Roby,Lori,1407068885,36,Female,Married,White,No,US Citizen,MA,1886,IT/IS,Database Administrator,39.55,Simon Roup,16-02-2015,NULL,N/A - still employed,Active,NULL,NULL,NULL,NULL,NULL,Active,50569,68306,93312,0,10.526,Below Range
Rogers,Ivan,1203032255,31,Male,Married,White,No,US Citizen,MA,1810,IT/IS,Database Administrator,42.2,Simon Roup,30-03-2015,NULL,N/A - still employed,Active,NULL,NULL,NULL,NULL,NULL,Active,50569,68306,93312,3510,10.411,Below Range
Salter,Jason,1111030148,30,Male,Divorced,Black or African American,No,US Citizen,MA,2452,IT/IS,Database Administrator,45,Simon Roup,05-01-2015,31-10-2015,hours,Voluntarily Terminated,NULL,NULL,NULL,NULL,NULL,Voluntarily Terminated,50569,68306,93312,0,0.8192,Below Range
Simard,Kramer,808010278,47,Male,Married,White,Yes,US Citizen,MA,2110,IT/IS,Database Administrator,30.2,Simon Roup,05-01-2015,NULL,N/A - still employed,Active,NULL,NULL,NULL,NULL,NULL,Active,50569,68306,93312,0,10.6411,Below Range
Zhou,Julia,1110029732,38,Female,Single,White,No,US Citizen,MA,2148,IT/IS,Database Administrator,31.4,Simon Roup,30-03-2015,NULL,N/A - still employed,Active,NULL,NULL,NULL,NULL,NULL,Active,50569,68306,93312,0,10.411,Below Range
Foss,Jason,1192991000,37,Male,Single,Black or African American,No,US Citizen,MA,1460,IT/IS,IT Director,65,Jennifer Zamora,15-04-2011,NULL,N/A - still employed,Active,NULL,NULL,NULL,NULL,NULL,Active,NULL,NULL,NULL,1200,14.3699,Within Range
Roup,Simon,1106026933,44,Male,Single,White,No,US Citizen,MA,2481,IT/IS,IT Manager - DB,62,Jennifer Zamora,20-01-2013,NULL,N/A - still employed,Active,NULL,NULL,NULL,NULL,NULL,Active,NULL,NULL,NULL,1200,12.6,Within Range
Ruiz,Ricardo,1001175250,54,Male,Divorced,Two or more races,No,US Citizen,MA,1915,IT/IS,IT Manager - DB,21,Jennifer Zamora,09-01-2012,04-11-2015,hours,Voluntarily Terminated,NULL,NULL,NULL,NULL,NULL,Voluntarily Terminated,NULL,NULL,NULL,10021,3.8219,Within Range
Monroe,Peter,1011022863,31,Male,Married,Hispanic,Yes,Eligible NonCitizen,MA,2134,IT/IS,IT Manager - Infra,63,Jennifer Zamora,15-02-2012,NULL,N/A - still employed,Active,NULL,NULL,NULL,NULL,NULL,Active,NULL,NULL,NULL,10021,13.5315,Within Range
Dougall,Eric,1101023754,47,Male,Single,White,No,US Citizen,MA,1886,IT/IS,IT Manager - Support,64,Jennifer Zamora,05-01-2014,NULL,N/A - still employed,Active,NULL,NULL,NULL,NULL,NULL,Active,NULL,NULL,NULL,1200,11.6411,Within Range
Clayton,Rick,1301052902,32,Male,Single,White,No,US Citizen,MA,2170,IT/IS,IT Support,28.99,Eric Dougall,05-09-2012,NULL,N/A - still employed,Active,NULL,NULL,NULL,NULL,NULL,Active,NULL,NULL,NULL,0,12.9753,Within Range
Galia,Lisa,1501072093,49,Female,Single,White,No,US Citizen,CT,6040,IT/IS,IT Support,31.4,Eric Dougall,01-05-2010,NULL,N/A - still employed,Active,NULL,NULL,NULL,NULL,NULL,Active,NULL,NULL,NULL,0,15.326,Within Range
Lindsay,Leonara,602000312,29,Female,Single,Two or more races,Yes,US Citizen,CT,6070,IT/IS,IT Support,26,Eric Dougall,21-01-2011,NULL,N/A - still employed,Active,NULL,NULL,NULL,NULL,NULL,Active,NULL,NULL,NULL,10021,14.6,Within Range
Soto,Julia,1203032263,44,Female,Married,Black or African American,No,US Citizen,MA,2360,IT/IS,IT Support,27.49,Eric Dougall,10-06-2011,NULL,N/A - still employed,Active,NULL,NULL,NULL,NULL,NULL,Active,NULL,NULL,NULL,0,14.2164,Within Range
Bacong,Alejandro,1212052023,30,Male,Divorced,White,No,US Citizen,MA,1886,IT/IS,Network Engineer,45,Peter Monroe,05-01-2015,NULL,N/A - still employed,Active,NULL,NULL,NULL,NULL,NULL,Active,50845,66850,88279,0,10.6411,Below Range
Cisco,Anthony,1102024173,28,Male,Married,White,Yes,US Citizen,MA,2135,IT/IS,Network Engineer,42,Peter Monroe,30-03-2015,NULL,N/A - still employed,Active,NULL,NULL,NULL,NULL,NULL,Active,50845,66850,88279,0,10.411,Below Range
Dolan,Linda,1101023540,29,Female,Married,White,No,US Citizen,MA,2119,IT/IS,Network Engineer,37,Peter Monroe,05-01-2015,NULL,N/A - still employed,Active,NULL,NULL,NULL,NULL,NULL,Active,50845,66850,88279,0,10.6411,Below Range
Gonzalez,Maria,1988299991,36,Female,Separated,White,Yes,US Citizen,MA,2472,IT/IS,Network Engineer,39,Peter Monroe,05-01-2015,NULL,N/A - still employed,Active,NULL,NULL,NULL,NULL,NULL,Active,50845,66850,88279,0,10.6411,Below Range
Merlos,Carlos,1012023013,30,Male,Single,White,No,US Citizen,MA,2138,IT/IS,Network Engineer,43,Peter Monroe,30-03-2015,NULL,N/A - still employed,Active,NULL,NULL,NULL,NULL,NULL,Active,50845,66850,88279,0,10.411,Below Range
Morway,Tanya,1001956578,38,Female,Married,White,No,US Citizen,MA,2048,IT/IS,Network Engineer,27,Peter Monroe,16-02-2015,NULL,N/A - still employed,Active,NULL,NULL,NULL,NULL,NULL,Active,50845,66850,88279,5760,10.526,Below Range
Shepard,Anita,906014183,36,Female,Married,White,No,US Citizen,MA,1773,IT/IS,Network Engineer,47,Peter Monroe,30-09-2014,NULL,N/A - still employed,Active,NULL,NULL,NULL,NULL,NULL,Active,50845,66850,88279,0,10.9068,Below Range
Tredinnick,Neville,1104025466,29,Male,Married,White,No,US Citizen,MA,1420,IT/IS,Network Engineer,28,Peter Monroe,05-01-2015,12-05-2015,medical issues,Voluntarily Terminated,NULL,NULL,NULL,NULL,NULL,Voluntarily Terminated,50845,66850,88279,5760,0.3479,Below Range
Turpin,Jumil,1411071506,48,Male,Married,White,No,Eligible NonCitizen,MA,2343,IT/IS,Network Engineer,49.1,Peter Monroe,30-03-2015,NULL,N/A - still employed,Active,NULL,NULL,NULL,NULL,NULL,Active,50845,66850,88279,0,10.411,Below Range
Ait Sidi,Karthikeyan,1307060199,42,Male,Married,White,No,US Citizen,MA,2148,IT/IS,Sr. DBA,62,Simon Roup,30-03-2015,16-06-2016,career change,Voluntarily Terminated,NULL,NULL,NULL,NULL,NULL,Voluntarily Terminated,92863,116007,139170,0,1.2164,Below Range
Carr,Claudia  N,1010022337,31,Female,Single,Black or African American,No,US Citizen,MA,1886,IT/IS,Sr. DBA,61.3,Simon Roup,30-06-2016,NULL,N/A - Has not started yet,Future Start,NULL,NULL,NULL,NULL,NULL,Future Start,92863,116007,139170,0,9.1562,Below Range
Favis,Donald,1412071562,53,Male,Single,Black or African American,No,US Citizen,CT,6033,IT/IS,Sr. DBA,58.2,Simon Roup,17-02-2014,19-02-2016,hours,Terminated for Cause,NULL,NULL,NULL,NULL,NULL,Terminated for Cause,92863,116007,139170,0,2.0055,Below Range
Roehrich,Bianca,1111030266,44,Female,Single,White,Yes,US Citizen,MA,2703,IT/IS,Sr. DBA,58.5,Simon Roup,05-01-2015,10-11-2015,Another position,Voluntarily Terminated,NULL,NULL,NULL,NULL,NULL,Voluntarily Terminated,92863,116007,139170,0,0.8466,Below Range
Daniele,Ann,1411071312,66,Female,Married,White,No,US Citizen,CT,6033,IT/IS,Sr. Network Engineer,54.1,Peter Monroe,10-11-2014,NULL,N/A - still employed,Leave of Absence,NULL,NULL,NULL,NULL,NULL,Leave of Absence,79428,99458,120451,0,10.7945,Below Range
Lajiri,Jyoti,1108028108,31,Male,Married,White,No,US Citizen,MA,2169,IT/IS,Sr. Network Engineer,56.2,Peter Monroe,10-11-2014,NULL,N/A - still employed,Leave of Absence,NULL,NULL,NULL,NULL,NULL,Leave of Absence,79428,99458,120451,0,10.7945,Below Range
Semizoglou,Jeremiah,904013591,34,Male,Married,Asian,No,US Citizen,MA,1545,IT/IS,Sr. Network Engineer,53.8,Peter Monroe,30-06-2016,NULL,N/A - Has not started yet,Future Start,NULL,NULL,NULL,NULL,NULL,Future Start,79428,99458,120451,7500,9.1562,Below Range
South,Joe,1308060959,52,Male,Single,White,No,US Citizen,CT,6278,IT/IS,Sr. Network Engineer,53,Peter Monroe,10-11-2014,NULL,N/A - still employed,Active,NULL,NULL,NULL,NULL,NULL,Active,79428,99458,120451,0,10.7945,Below Range
Warfield,Sarah,1301052347,39,Female,widowed,Asian,No,US Citizen,MA,2453,IT/IS,Sr. Network Engineer,55.2,Peter Monroe,30-03-2015,NULL,N/A - still employed,Active,NULL,NULL,NULL,NULL,NULL,Active,79428,99458,120451,0,10.411,Below Range
Bramante,Elisa,1006020066,34,Female,Single,Black or African American,No,US Citizen,MA,2030,Production,Director of Operations,60,Janet King,05-01-2009,NULL,N/A - still employed,Active,NULL,NULL,NULL,NULL,NULL,Active,NULL,NULL,NULL,3995,16.6438,Within Range
Albert,Michael,1501072311,49,Male,Divorced,White,No,US Citizen,MA,2169,Production,Production Manager,54.5,Janet King,01-08-2011,NULL,N/A - still employed,Active,Fully Meets,0,0,0,0,Active,NULL,NULL,NULL,0,14.074,Within Range
Bozzi,Charles,1303054580,47,Male,Single,Asian,No,US Citizen,MA,1901,Production,Production Manager,50.5,Janet King,30-09-2013,07-08-2014,retiring,Voluntarily Terminated,Fully Meets,0,0,0,0,Voluntarily Terminated,NULL,NULL,NULL,6192,0.8521,Within Range
Butler,Webster  L,1110029990,34,Male,Single,White,No,US Citizen,MA,2169,Production,Production Manager,55,Janet King,28-01-2016,NULL,N/A - still employed,Active,Exceeds,0,0,0,0,Active,NULL,NULL,NULL,3510,9.5781,Within Range
Dunn,Amy,1409070147,44,Female,Single,White,No,US Citizen,MA,1731,Production,Production Manager,51,Janet King,18-09-2014,NULL,N/A - still employed,Active,Fully Meets,0,0,0,0,Active,NULL,NULL,NULL,5183,10.9397,Within Range
Gray,Elijiah,1307060077,36,Male,Divorced,White,No,US Citizen,MA,1752,Production,Production Manager,54,Janet King,06-02-2015,NULL,N/A - still employed,Active,Fully Meets,0,0,0,0,Active,NULL,NULL,NULL,0,10.5534,Within Range
Hogland,Jonathan,1001944783,45,Male,Married,White,No,US Citizen,MA,1890,Production,Production Manager,48.5,Janet King,10-01-2011,12-12-2015,attendance,Terminated for Cause,Fully Meets,0,0,0,0,Terminated for Cause,NULL,NULL,NULL,0,4.9233,Within Range
Immediato,Walter,1403065874,41,Male,Married,Asian,No,US Citizen,MA,2128,Production,Production Manager,42,Janet King,21-02-2011,24-09-2012,unhappy,Voluntarily Terminated,Needs Improvement,0,0,0,0,Voluntarily Terminated,NULL,NULL,NULL,3995,1.5918,Within Range
Liebig,Ketsia,1103024679,36,Female,Married,White,No,US Citizen,MA,2110,Production,Production Manager,55,Janet King,30-09-2013,NULL,N/A - still employed,Active,Exceeds,0,0,0,0,Active,NULL,NULL,NULL,7145,11.9068,Within Range
Miller,Brannon,1107027351,36,Male,Single,Hispanic,yes,US Citizen,MA,2045,Production,Production Manager,53,Janet King,16-08-2012,NULL,N/A - still employed,Active,Fully Meets,0,0,0,0,Active,NULL,NULL,NULL,0,13.0301,Within Range
Peterson,Ebonee,1402065355,40,Female,Married,White,No,US Citizen,MA,2030,Production,Production Manager,38.5,Janet King,25-10-2010,18-05-2016,Another position,Voluntarily Terminated,Fully Meets,0,0,0,0,Voluntarily Terminated,NULL,NULL,NULL,0,5.5671,Within Range
Spirea,Kelley,1102024149,42,Female,Married,White,No,US Citizen,MA,2451,Production,Production Manager,52,Janet King,02-10-2012,NULL,N/A - still employed,Active,Fully Meets,0,0,0,0,Active,NULL,NULL,NULL,0,12.9014,Within Range
Stanley,David,1000974650,42,Male,Divorced,White,No,US Citizen,MA,1803,Production,Production Manager,53,Janet King,20-07-2010,NULL,N/A - still employed,Active,Needs Improvement,0,0,0,0,Active,NULL,NULL,NULL,5760,15.1068,Within Range
Sullivan,Kissy,1405067298,39,Female,Married,Black or African American,No,US Citizen,MA,1776,Production,Production Manager,55,Janet King,08-01-2009,NULL,N/A - still employed,Active,Fully Meets,0,0,0,0,Active,NULL,NULL,NULL,6192,16.6356,Within Range
Wallace,Courtney  E,1410071026,62,Female,Married,Black or African American,No,US Citizen,MA,2478,Production,Production Manager,33.5,Janet King,26-09-2011,02-01-2012,Another position,Voluntarily Terminated,Fully Meets,0,0,0,0,Voluntarily Terminated,NULL,NULL,NULL,10021,0.2685,Within Range
Adinolfi,Wilson  K,1409070522,34,Male,Single,White,No,US Citizen,MA,1960,Production,Production Technician I,20,Michael Albert,05-07-2011,NULL,N/A - still employed,Active,Exceeds,0,0,15,17,Active,30000,40000,50000,10980,14.1479,Below Range
Alagbe,Trina,1011022883,29,Female,Married,White,No,US Citizen,MA,1886,Production,Production Technician I,21,Elijiah Gray,07-01-2008,NULL,N/A - still employed,Active,Fully Meets,1,0,8,10,Active,30000,40000,50000,6192,17.6411,Below Range
Anderson,Carol,1001417624,28,Female,Divorced,White,No,US Citizen,MA,2169,Production,Production Technician I,16,Webster Butler,11-07-2011,06-09-2011,return to school,Voluntarily Terminated,N/A- too early to review,3,1,6,8,Voluntarily Terminated,30000,40000,50000,0,0.1562,Below Range
Anderson,Linda,1304055947,40,Female,Single,White,No,US Citizen,MA,1844,Production,Production Technician I,23,Amy Dunn,09-01-2012,NULL,N/A - still employed,Active,Exceptional,0,0,19,19,Active,30000,40000,50000,10980,13.6329,Below Range
Athwal,Sam,1301052124,34,Male,widowed,White,No,US Citizen,MA,2199,Production,Production Technician I,22,Ketsia Liebig,30-09-2013,NULL,N/A - still employed,Active,N/A- too early to review,1,0,6,6,Active,30000,40000,50000,0,11.9068,Below Range
Bachiochi,Linda,1212051409,47,Female,Single,Two or more races,No,US Citizen,MA,1902,Production,Production Technician I,22,Brannon Miller,06-07-2009,NULL,N/A - still employed,Leave of Absence,Fully Meets,0,0,10,10,Leave of Absence,30000,40000,50000,10021,16.1452,Below Range
Baczenski,Rachael,1307060083,44,Female,Married,Hispanic,Yes,US Citizen,MA,1902,Production,Production Technician I,17,David Stanley,10-01-2011,12-01-2011,Another position,Voluntarily Terminated,N/A- too early to review,3,2,5,7,Voluntarily Terminated,30000,40000,50000,10021,0.0055,Below Range
Barbara,Thomas,1312063507,43,Male,Married,Asian,Yes,US Citizen,MA,2062,Production,Production Technician I,22,Kissy Sullivan,02-04-2012,19-09-2012,unhappy,Voluntarily Terminated,90-day meets,0,0,5,8,Voluntarily Terminated,30000,40000,50000,10021,0.4658,Below Range
Barone,Francesco  A,1101023679,34,Male,Single,Two or more races,No,US Citizen,MA,1810,Production,Production Technician I,16.76,Kelley Spirea,20-02-2012,NULL,N/A - still employed,Active,Fully Meets,0,0,10,10,Active,30000,40000,50000,5573,13.5178,Below Range
Barton,Nader,1212051962,40,Male,Divorced,White,No,US Citizen,MA,2747,Production,Production Technician I,18,Michael Albert,24-09-2012,06-04-2013,Another position,Voluntarily Terminated,Fully Meets,0,0,12,12,Voluntarily Terminated,30000,40000,50000,0,0.5315,Below Range
Beatrice,Courtney,1403066194,47,Female,Single,White,No,Eligible NonCitizen,MA,1915,Production,Production Technician I,22,Elijiah Gray,04-04-2011,NULL,N/A - still employed,Active,Fully Meets,1,0,9,10,Active,30000,40000,50000,5183,14.4,Below Range
Becker,Scott,1110029777,38,Male,Single,Asian,No,US Citizen,MA,2452,Production,Production Technician I,17,Webster Butler,08-07-2013,NULL,N/A - still employed,Leave of Absence,Fully Meets,0,0,8,9,Leave of Absence,30000,40000,50000,10980,12.137,Below Range
Bernstein,Sean,1109029366,47,Male,Single,White,Yes,US Citizen,MA,2072,Production,Production Technician I,16,Amy Dunn,02-04-2012,NULL,N/A - still employed,Active,Fully Meets,1,0,10,12,Active,30000,40000,50000,0,13.4027,Below Range
Biden,Lowan  M,1412071844,59,Female,Divorced,Asian,No,US Citizen,MA,2027,Production,Production Technician I,22,Ketsia Liebig,19-08-2013,NULL,N/A - still employed,Active,Fully Meets,1,0,12,13,Active,30000,40000,50000,6192,12.0219,Below Range
Billis,Helen,1308060366,28,Female,Married,White,No,US Citizen,MA,2031,Production,Production Technician I,16,Brannon Miller,07-07-2014,NULL,N/A - still employed,Active,Exceeds,0,0,16,15,Active,30000,40000,50000,1200,11.1397,Below Range
Brill,Donna,1406068293,27,Female,Married,White,No,US Citizen,MA,1701,Production,Production Technician I,20,David Stanley,02-04-2012,15-06-2013,Another position,Voluntarily Terminated,Fully Meets,1,1,9,10,Voluntarily Terminated,30000,40000,50000,5183,1.2027,Below Range
Bugali,Josephine,1408069635,48,Female,Separated,Black or African American,No,US Citizen,MA,2043,Production,Production Technician I,20,Kissy Sullivan,11-11-2013,NULL,N/A - still employed,Leave of Absence,Fully Meets,1,0,13,15,Leave of Absence,30000,40000,50000,10021,11.7918,Below Range
Carey,Michael,1311063114,34,Male,widowed,Black or African American,No,US Citizen,MA,1701,Production,Production Technician I,20,Kelley Spirea,31-03-2014,NULL,N/A - still employed,Active,Fully Meets,1,0,11,12,Active,30000,40000,50000,10980,11.4082,Below Range
Chace,Beatrice,1208048062,67,Female,Single,White,No,US Citizen,MA,2763,Production,Production Technician I,16,Michael Albert,29-09-2014,NULL,N/A - still employed,Active,Fully Meets,0,0,13,14,Active,30000,40000,50000,5183,10.9096,Below Range
Chan,Lin,1305057282,38,Female,Single,White,No,US Citizen,MA,2170,Production,Production Technician I,19.5,Elijiah Gray,05-12-2014,NULL,N/A - still employed,Active,Fully Meets,0,0,13,13,Active,30000,40000,50000,0,10.726,Below Range
Chang,Donovan  E,1111030129,34,Male,Single,White,No,US Citizen,MA,1845,Production,Production Technician I,22,Webster Butler,08-07-2013,NULL,N/A - still employed,Active,Fully Meets,1,0,8,10,Active,30000,40000,50000,8291,12.137,Below Range
Chivukula,Enola,1101023394,34,Female,Single,White,No,US Citizen,MA,1775,Production,Production Technician I,21,Amy Dunn,27-06-2011,15-11-2015,relocation out of area,Voluntarily Terminated,90-day meets,3,0,6,7,Voluntarily Terminated,30000,40000,50000,3995,4.389,Below Range
Cierpiszewski,Caroline,1012023295,29,Female,Single,Black or African American,No,Non-Citizen,MA,2044,Production,Production Technician I,22,Ketsia Liebig,03-10-2011,NULL,N/A - still employed,Active,Fully Meets,1,0,12,14,Active,30000,40000,50000,3510,13.9014,Below Range
Clukey,Elijian,1407069280,37,Male,Married,White,No,US Citizen,MA,2134,Production,Production Technician I,24.75,Brannon Miller,06-07-2016,NULL,N/A - Has not started yet,Future Start,Exceeds,0,0,16,16,Future Start,30000,40000,50000,0,9.1397,Below Range
Cockel,James,1599991009,40,Male,Single,White,No,US Citizen,MA,2452,Production,Production Technician I,15,David Stanley,08-07-2013,NULL,N/A - still employed,Active,Fully Meets,1,0,11,12,Active,30000,40000,50000,0,12.137,Below Range
Cole,Spencer,1001450968,38,Male,Single,Black or African American,No,US Citizen,MA,1880,Production,Production Technician I,15,Kissy Sullivan,11-07-2011,23-09-2012,performance,Terminated for Cause,Needs Improvement,3,1,4,5,Terminated for Cause,30000,40000,50000,10980,1.2055,Below Range
Cornett,Lisa,1403066069,40,Female,Married,White,Yes,US Citizen,MA,2189,Production,Production Technician I,15.75,Kelley Spirea,05-01-2015,NULL,N/A - still employed,Active,90-day meets,1,0,6,7,Active,30000,40000,50000,6192,10.6411,Below Range
Crimmings,Jean,1311063172,30,Female,Single,White,No,US Citizen,MA,1821,Production,Production Technician I,19.75,Michael Albert,06-07-2016,NULL,N/A - Has not started yet,Future Start,N/A- too early to review,2,2,9,10,Future Start,30000,40000,50000,8291,9.1397,Below Range
Darson,Jene'ya,1001109612,39,Female,Married,White,No,US Citizen,MA,2110,Production,Production Technician I,15,Elijiah Gray,02-07-2012,NULL,N/A - still employed,Active,Fully Meets,1,0,11,12,Active,30000,40000,50000,6192,13.1534,Below Range
DeGweck,James,1306058816,40,Male,Married,White,No,US Citizen,MA,1810,Production,Production Technician I,23.5,Webster Butler,16-05-2011,08-06-2015,unhappy,Voluntarily Terminated,Fully Meets,1,0,13,15,Voluntarily Terminated,30000,40000,50000,6192,4.0658,Below Range
Desimone,Carl,1501072124,50,Male,Married,White,No,US Citizen,MA,2061,Production,Production Technician I,20,Amy Dunn,07-07-2014,NULL,N/A - still employed,Active,PIP,3,3,3,3,Active,30000,40000,50000,1200,11.1397,Below Range
Dickinson,Geoff,706006285,35,Male,Single,White,No,US Citizen,MA,2180,Production,Production Technician I,21,Ketsia Liebig,05-12-2014,NULL,N/A - still employed,Active,Fully Meets,0,0,13,12,Active,30000,40000,50000,3510,10.726,Below Range
DiNocco,Lily,1209048696,39,Female,Married,Black or African American,No,US Citizen,MA,2351,Production,Production Technician I,22,Brannon Miller,07-01-2013,NULL,N/A - still employed,Active,Needs Improvement,4,2,5,2,Active,30000,40000,50000,3510,12.6356,Below Range
Dobrin,Denisa  S,1202031618,31,Female,Single,White,Yes,US Citizen,MA,2125,Production,Production Technician I,16.75,David Stanley,02-04-2012,NULL,N/A - still employed,Active,Fully Meets,1,1,13,14,Active,30000,40000,50000,5760,13.4027,Below Range
Eaton,Marianne,1406067865,26,Female,Married,White,No,US Citizen,MA,2343,Production,Production Technician I,17,Kissy Sullivan,04-04-2011,06-06-2013,military,Voluntarily Terminated,Fully Meets,1,0,11,12,Voluntarily Terminated,30000,40000,50000,5183,2.1753,Below Range
Engdahl,Jean,1007020403,43,Male,Single,White,No,US Citizen,MA,2026,Production,Production Technician I,21.25,Kelley Spirea,10-11-2014,NULL,N/A - still employed,Active,Fully Meets,1,0,10,12,Active,30000,40000,50000,10980,10.7945,Below Range
England,Rex,1101023612,39,Male,Married,White,No,US Citizen,MA,2045,Production,Production Technician I,21,Kelley Spirea,31-03-2014,NULL,N/A - still employed,Active,90-day meets,0,0,6,7,Active,30000,40000,50000,0,11.4082,Below Range
Estremera,Miguel,1104025243,34,Male,Single,White,No,US Citizen,MA,2129,Production,Production Technician I,17,Michael Albert,02-04-2012,27-09-2014,attendance,Terminated for Cause,Needs Improvement,3,2,4,5,Terminated for Cause,30000,40000,50000,0,2.4877,Below Range
Evensen,April,1107027392,28,Female,Single,White,No,US Citizen,MA,2458,Production,Production Technician I,18,Elijiah Gray,17-02-2014,25-02-2014,"no-call, no-show",Terminated for Cause,N/A- too early to review,2,0,5,4,Terminated for Cause,30000,40000,50000,0,0.0219,Below Range
Ferguson,Susan,1502072511,62,Female,Married,White,No,US Citizen,MA,2176,Production,Production Technician I,20,Webster Butler,07-11-2011,17-05-2014,military,Voluntarily Terminated,Fully Meets,1,0,11,10,Voluntarily Terminated,30000,40000,50000,5183,2.526,Below Range
Fernandes,Nilson,1302053339,28,Male,Married,White,No,US Citizen,MA,2132,Production,Production Technician I,18,Amy Dunn,11-05-2015,NULL,N/A - still employed,Active,N/A- too early to review,1,0,4,6,Active,30000,40000,50000,1200,10.2959,Below Range
Ferreira,Violeta,803009012,31,Female,Single,White,No,US Citizen,MA,2176,Production,Production Technician I,23,Ketsia Liebig,20-02-2012,NULL,N/A - still employed,Active,Fully Meets,1,0,10,10,Active,30000,40000,50000,8291,13.5178,Below Range
Fidelia,Libby,1006020020,36,Female,Married,White,No,US Citizen,MA,2155,Production,Production Technician I,24,Brannon Miller,09-01-2012,NULL,N/A - still employed,Active,Fully Meets,0,0,12,13,Active,30000,40000,50000,5573,13.6329,Below Range
Garcia,Raul,1309061015,32,Male,Single,White,Yes,US Citizen,MA,1905,Production,Production Technician I,19,David Stanley,30-03-2015,NULL,N/A - still employed,Active,N/A- too early to review,1,0,7,6,Active,30000,40000,50000,0,10.411,Below Range
Garneau,Hamish,1104025414,37,Male,Single,Asian,No,US Citizen,MA,1550,Production,Production Technician I,18,Kissy Sullivan,08-07-2013,NULL,N/A - still employed,Active,Fully Meets,0,0,9,8,Active,30000,40000,50000,1200,12.137,Below Range
Gaul,Barbara,1105026041,34,Female,widowed,Black or African American,Yes,US Citizen,MA,2121,Production,Production Technician I,24,Kelley Spirea,16-05-2011,NULL,N/A - still employed,Active,Fully Meets,0,0,12,13,Active,30000,40000,50000,10980,14.2849,Below Range
Gentry,Mildred,1501072192,27,Female,Married,Black or African American,No,US Citizen,MA,2145,Production,Production Technician I,19,Michael Albert,30-03-2015,NULL,N/A - still employed,Active,N/A- too early to review,2,0,5,8,Active,30000,40000,50000,1200,10.411,Below Range
Gerke,Melisa,1308060622,47,Female,Divorced,White,No,US Citizen,MA,2330,Production,Production Technician I,22,Elijiah Gray,07-11-2011,15-11-2011,hours,Voluntarily Terminated,N/A- too early to review,1,0,5,7,Voluntarily Terminated,30000,40000,50000,10021,0.0219,Below Range
Gilles,Alex,1008020960,43,Male,Married,Black or African American,No,US Citizen,MA,2062,Production,Production Technician I,15,Webster Butler,02-04-2012,25-06-2015,military,Voluntarily Terminated,Needs Improvement,4,2,5,6,Voluntarily Terminated,30000,40000,50000,10021,3.2301,Below Range
Girifalco,Evelyn,1204032927,37,Female,Single,Two or more races,Yes,US Citizen,MA,2451,Production,Production Technician I,16,Amy Dunn,29-09-2014,NULL,N/A - still employed,Active,Exceeds,0,0,16,18,Active,30000,40000,50000,1200,10.9096,Below Range
Gold,Shenice,1408069539,25,Female,Single,White,Yes,US Citizen,MA,2451,Production,Production Technician I,17,Ketsia Liebig,11-11-2013,NULL,N/A - still employed,Active,Fully Meets,1,0,13,12,Active,30000,40000,50000,0,11.7918,Below Range
Gonzalez,Cayo,1411071212,48,Male,Divorced,American Indian or Alaska Native,No,US Citizen,MA,2108,Production,Production Technician I,16,Brannon Miller,11-07-2011,NULL,N/A - still employed,Active,Exceeds,0,0,16,16,Active,30000,40000,50000,10021,14.1315,Below Range
Gordon,David,1106026579,38,Male,Married,White,No,US Citizen,MA,2169,Production,Production Technician I,15,David Stanley,02-07-2012,NULL,N/A - still employed,Active,Fully Meets,0,0,14,15,Active,30000,40000,50000,10980,13.1534,Below Range
Goyal,Roxana,1312063675,43,Female,Married,Asian,No,US Citizen,MA,1864,Production,Production Technician I,24,Kissy Sullivan,19-08-2013,NULL,N/A - still employed,Leave of Absence,Fully Meets,0,0,11,10,Leave of Absence,30000,40000,50000,7500,12.0219,Below Range
Gross,Paula,1103024859,34,Female,Divorced,White,No,US Citizen,MA,2176,Production,Production Technician I,14,Kelley Spirea,21-02-2011,11-01-2014,more money,Voluntarily Terminated,Fully Meets,0,0,9,10,Voluntarily Terminated,30000,40000,50000,5760,2.8904,Below Range
Handschiegl,Joanne,1405067064,40,Female,Married,White,No,US Citizen,MA,2127,Production,Production Technician I,24,Michael Albert,28-11-2011,NULL,N/A - still employed,Active,Fully Meets,1,0,11,12,Active,30000,40000,50000,0,13.7479,Below Range
Harrell,Ludwick,1406068241,35,Male,Married,Asian,No,US Citizen,MA,1776,Production,Production Technician I,21,Elijiah Gray,14-05-2012,NULL,N/A - still employed,Active,Fully Meets,0,0,10,11,Active,30000,40000,50000,5183,13.2877,Below Range
Harrington,Christie,1110029602,65,Female,Single,White,No,US Citizen,MA,2324,Production,Production Technician I,19.75,Webster Butler,09-01-2012,15-12-2015,retiring,Voluntarily Terminated,Fully Meets,0,0,14,13,Voluntarily Terminated,30000,40000,50000,5760,3.9342,Below Range
Harrison,Kara,1404066622,43,Female,Married,White,No,US Citizen,MA,1886,Production,Production Technician I,20,Amy Dunn,05-12-2014,NULL,N/A - still employed,Active,Exceeds,0,0,16,17,Active,30000,40000,50000,5760,10.726,Below Range
Heitzman,Anthony,1002017900,34,Male,Single,White,No,US Citizen,MA,2149,Production,Production Technician I,19,Ketsia Liebig,13-08-2012,NULL,N/A - still employed,Active,90-day meets,2,0,6,10,Active,30000,40000,50000,5573,13.0384,Below Range
Ivey,Rose,1408069882,27,Female,Single,White,No,US Citizen,MA,1775,Production,Production Technician I,16,Brannon Miller,19-08-2013,NULL,N/A - still employed,Active,Fully Meets,2,0,12,15,Active,30000,40000,50000,1200,12.0219,Below Range
Jackson,Maryellen,1201031438,45,Female,Separated,White,No,US Citizen,MA,2081,Production,Production Technician I,20,David Stanley,05-11-2012,NULL,N/A - still employed,Active,Fully Meets,2,1,8,10,Active,30000,40000,50000,8291,12.8082,Below Range
Jacobi,Hannah,1503072857,51,Female,Divorced,White,No,US Citizen,MA,1778,Production,Production Technician I,21,Kissy Sullivan,30-09-2013,NULL,N/A - still employed,Active,Fully Meets,1,0,11,12,Active,30000,40000,50000,0,11.9068,Below Range
Jhaveri,Sneha,1412071713,53,Female,Separated,White,No,US Citizen,MA,2109,Production,Production Technician I,19,Kelley Spirea,06-01-2014,NULL,N/A - still employed,Active,Fully Meets,0,0,12,14,Active,30000,40000,50000,7500,11.6384,Below Range
Johnson,George,1105025721,58,Male,Married,White,No,US Citizen,MA,2445,Production,Production Technician I,17,Michael Albert,07-11-2011,29-04-2016,more money,Voluntarily Terminated,Exceeds,0,0,17,19,Voluntarily Terminated,30000,40000,50000,5760,4.4795,Below Range
Jung,Judy,1107027450,31,Female,Married,White,No,US Citizen,MA,2446,Production,Production Technician I,21,Elijiah Gray,10-01-2011,01-04-2016,unhappy,Voluntarily Terminated,90-day meets,3,0,7,9,Voluntarily Terminated,30000,40000,50000,5760,5.2274,Below Range
Keatts,Kramer,1301052462,42,Male,Single,White,No,US Citizen,MA,1887,Production,Production Technician I,19,Michael Albert,30-09-2013,NULL,N/A - still employed,Active,Fully Meets,1,1,15,14,Active,30000,40000,50000,6192,11.9068,Below Range
Kinsella,Kathleen,710007401,44,Female,Married,White,No,US Citizen,MA,2170,Production,Production Technician I,22,Webster Butler,26-09-2011,04-06-2015,more money,Voluntarily Terminated,90-day meets,3,0,5,7,Voluntarily Terminated,30000,40000,50000,5183,3.6904,Below Range
Kirill,Alexandra,903013071,47,Female,Married,White,No,US Citizen,MA,2127,Production,Production Technician I,24,Amy Dunn,26-09-2011,09-01-2012,more money,Voluntarily Terminated,Fully Meets,2,0,12,14,Voluntarily Terminated,30000,40000,50000,5183,0.2877,Below Range
Knapp,Bradley  J,1304055683,40,Male,Single,Black or African American,No,US Citizen,MA,1721,Production,Production Technician I,14,Ketsia Liebig,17-02-2014,NULL,N/A - still employed,Active,Fully Meets,0,0,11,12,Active,30000,40000,50000,7500,11.5233,Below Range
Kretschmer,John,1311062610,37,Male,Married,Asian,No,US Citizen,MA,1801,Production,Production Technician I,21,Brannon Miller,10-01-2011,NULL,N/A - still employed,Active,Fully Meets,0,0,14,13,Active,30000,40000,50000,3510,14.6301,Below Range
Langton,Enrico,1304055987,31,Male,Married,White,No,US Citizen,MA,2048,Production,Production Technician I,17,David Stanley,09-07-2012,NULL,N/A - still employed,Active,Fully Meets,0,0,13,14,Active,30000,40000,50000,8291,13.1342,Below Range
Leach,Dallas,1408069409,39,Female,Single,Asian,No,US Citizen,MA,1810,Production,Production Technician I,19,Kissy Sullivan,26-09-2011,19-08-2013,return to school,Voluntarily Terminated,Fully Meets,1,0,12,12,Voluntarily Terminated,30000,40000,50000,5760,1.8986,Below Range
LeBel,Jonathan  R,1107027575,36,Male,Single,White,No,US Citizen,MA,2050,Production,Production Technician I,15,Kelley Spirea,21-02-2011,04-08-2011,attendance,Terminated for Cause,90-day meets,0,0,6,7,Terminated for Cause,30000,40000,50000,5573,0.4493,Below Range
Linares,Marilyn,1206042315,36,Female,Married,White,No,US Citizen,MA,1886,Production,Production Technician I,15.25,Michael Albert,05-07-2011,26-09-2011,unhappy,Voluntarily Terminated,N/A- too early to review,2,0,4,7,Voluntarily Terminated,30000,40000,50000,0,0.2274,Below Range
Lydon,Allison,1101023353,42,Female,Married,Black or African American,No,US Citizen,MA,2122,Production,Production Technician I,20,Elijiah Gray,16-02-2015,NULL,N/A - still employed,Leave of Absence,90-day meets,1,0,6,10,Leave of Absence,30000,40000,50000,7145,10.526,Below Range
Lynch,Lindsay,1001138521,44,Female,Single,Two or more races,Yes,US Citizen,MA,1844,Production,Production Technician I,19,Webster Butler,07-11-2011,14-11-2015,Another position,Voluntarily Terminated,Exceeds,0,0,16,16,Voluntarily Terminated,30000,40000,50000,10021,4.0219,Below Range
MacLennan,Samuel,1201031032,45,Male,widowed,White,No,US Citizen,MA,1938,Production,Production Technician I,15,Amy Dunn,24-09-2012,26-09-2012,hours,Voluntarily Terminated,N/A- too early to review,1,0,5,6,Voluntarily Terminated,30000,40000,50000,1325,0.0055,Below Range
Mahoney,Lauren,1209049259,31,Female,Single,White,No,US Citizen,MA,2189,Production,Production Technician I,17,Ketsia Liebig,06-01-2014,NULL,N/A - still employed,Active,Fully Meets,1,0,9,10,Active,30000,40000,50000,8291,11.6384,Below Range
Mangal,Debbie,1308060754,43,Female,Married,White,No,US Citizen,MA,2451,Production,Production Technician I,23,Brannon Miller,11-11-2013,NULL,N/A - still employed,Active,Fully Meets,1,0,9,10,Active,30000,40000,50000,7500,11.7918,Below Range
Maurice,Shana,1401064327,40,Female,Married,White,No,US Citizen,MA,2330,Production,Production Technician I,20,David Stanley,31-05-2011,NULL,N/A - still employed,Active,90-day meets,4,0,8,8,Active,30000,40000,50000,3995,14.2438,Below Range
Mckenna,Sandy,909015167,31,Female,Married,Black or African American,No,US Citizen,MA,2184,Production,Production Technician I,24,Kissy Sullivan,07-01-2013,NULL,N/A - still employed,Active,Fully Meets,0,0,12,10,Active,30000,40000,50000,5760,12.6356,Below Range
Meads,Elizabeth,1409070245,49,Female,Single,Black or African American,No,US Citizen,MA,1760,Production,Production Technician I,14,Kelley Spirea,02-04-2012,11-11-2015,Another position,Voluntarily Terminated,Fully Meets,1,0,9,11,Voluntarily Terminated,30000,40000,50000,10021,3.611,Below Range
Medeiros,Jennifer,1109029256,41,Female,Single,White,No,US Citizen,MA,2346,Production,Production Technician I,20,Michael Albert,30-03-2015,NULL,N/A - still employed,Active,N/A- too early to review,1,1,6,6,Active,30000,40000,50000,5760,10.411,Below Range
Motlagh,Dawn,1102024121,33,Female,Divorced,White,No,US Citizen,MA,2453,Production,Production Technician I,15,Elijiah Gray,01-04-2013,NULL,N/A - still employed,Active,Fully Meets,1,1,9,10,Active,30000,40000,50000,10980,12.4055,Below Range
Newman,Richard,1302053044,40,Male,Married,White,No,US Citizen,MA,2136,Production,Production Technician I,21,Ketsia Liebig,05-12-2014,NULL,N/A - still employed,Leave of Absence,Fully Meets,1,0,11,10,Leave of Absence,30000,40000,50000,7500,10.726,Below Range
Ngodup,Shari,1403066020,50,Female,Separated,Asian,No,US Citizen,MA,1810,Production,Production Technician I,15,Brannon Miller,01-04-2013,NULL,N/A - still employed,Active,Exceeds,0,0,15,16,Active,30000,40000,50000,10021,12.4055,Below Range
Nguyen,Lei-Ming,1203032357,33,Female,Single,White,No,US Citizen,MA,2132,Production,Production Technician I,19,David Stanley,08-07-2013,NULL,N/A - still employed,Active,Fully Meets,0,0,9,10,Active,30000,40000,50000,0,12.137,Below Range
O'hare,Lynn,1206044851,37,Female,widowed,Two or more races,No,US Citizen,MA,2152,Production,Production Technician I,18.5,Kissy Sullivan,31-03-2014,01-05-2016,performance,Terminated for Cause,PIP,3,3,4,2,Terminated for Cause,30000,40000,50000,1200,2.0877,Below Range
Osturnka,Adeel,1404066949,41,Male,Married,White,No,US Citizen,MA,2478,Production,Production Technician I,16,Kelley Spirea,30-09-2013,NULL,N/A - still employed,Active,Exceeds,0,0,16,16,Active,30000,40000,50000,7500,11.9068,Below Range
Owad,Clinton,1103024335,38,Male,Single,Black or African American,No,US Citizen,MA,1760,Production,Production Technician I,22,Michael Albert,17-02-2014,NULL,N/A - still employed,Active,Needs Improvement,2,1,6,4,Active,30000,40000,50000,10980,11.5233,Below Range
Panjwani,Nina,1109029531,38,Female,Married,White,No,US Citizen,MA,2351,Production,Production Technician I,18,Elijiah Gray,02-07-2011,01-12-2014,Another position,Voluntarily Terminated,Fully Meets,0,0,11,10,Voluntarily Terminated,30000,40000,50000,5573,3.4192,Below Range
Pelech,Emil,1307060058,29,Male,Single,Black or African American,No,US Citizen,MA,2458,Production,Production Technician I,24,Webster Butler,01-10-2011,28-12-2012,career change,Voluntarily Terminated,Needs Improvement,2,1,5,4,Voluntarily Terminated,30000,40000,50000,5183,1.2438,Below Range
Perry,Shakira,1109029186,31,Female,Single,White,No,US Citizen,MA,2176,Production,Production Technician I,22,Amy Dunn,16-05-2011,25-10-2015,medical issues,Voluntarily Terminated,Fully Meets,0,0,14,14,Voluntarily Terminated,30000,40000,50000,10980,4.4466,Below Range
Peterson,Kayla,1307059944,44,Female,Married,White,No,US Citizen,MA,1749,Production,Production Technician I,17,Ketsia Liebig,26-04-2010,NULL,N/A - still employed,Active,Fully Meets,0,0,10,9,Active,30000,40000,50000,5183,15.3397,Below Range
Pham,Hong,1305057440,29,Male,Married,White,No,US Citizen,MA,2451,Production,Production Technician I,18,Brannon Miller,05-07-2011,30-11-2012,more money,Voluntarily Terminated,Fully Meets,0,0,10,12,Voluntarily Terminated,30000,40000,50000,5183,1.4082,Below Range
Pitt,Brad,1001735072,36,Male,Single,Black or African American,No,US Citizen,MA,2451,Production,Production Technician I,17,David Stanley,05-11-2007,NULL,N/A - still employed,Active,Fully Meets,3,1,5,7,Active,30000,40000,50000,5183,17.8137,Below Range
Power,Morissa,1102024274,33,Female,Divorced,Asian,No,Eligible NonCitizen,MA,1742,Production,Production Technician I,19,Kissy Sullivan,16-05-2011,04-06-2011,Another position,Voluntarily Terminated,N/A- too early to review,2,0,12,12,Voluntarily Terminated,30000,40000,50000,5573,0.0521,Below Range
Punjabhi,Louis,1401064562,56,Male,Single,White,No,US Citizen,MA,2109,Production,Production Technician I,16,Kelley Spirea,06-01-2014,NULL,N/A - still employed,Active,Fully Meets,1,0,8,9,Active,30000,40000,50000,0,11.6384,Below Range
Purinton,Janine,1011022926,47,Female,Divorced,White,No,US Citizen,MA,2474,Production,Production Technician I,16,Kissy Sullivan,24-09-2012,18-06-2013,unhappy,Voluntarily Terminated,Fully Meets,0,0,9,10,Voluntarily Terminated,30000,40000,50000,6192,0.7315,Below Range
Rarrick,Quinn,1208048229,33,Male,Divorced,White,No,US Citizen,MA,2478,Production,Production Technician I,21,Michael Albert,26-09-2011,07-04-2012,more money,Voluntarily Terminated,Fully Meets,0,0,11,12,Voluntarily Terminated,30000,40000,50000,3510,0.5315,Below Range
Rhoads,Thomas,1211050793,35,Male,Divorced,White,Yes,US Citizen,MA,2176,Production,Production Technician I,20,Elijiah Gray,16-05-2011,15-01-2016,retiring,Voluntarily Terminated,Fully Meets,0,0,17,18,Voluntarily Terminated,30000,40000,50000,1200,4.6712,Below Range
Rivera,Haley,1405067642,45,Female,Married,Asian,No,US Citizen,MA,2171,Production,Production Technician I,22,Webster Butler,28-11-2011,NULL,N/A - still employed,Active,Exceeds,0,0,13,13,Active,30000,40000,50000,5183,13.7479,Below Range
Robinson,Alain,1206038000,44,Male,Married,Black or African American,No,US Citizen,MA,1420,Production,Production Technician I,24,Amy Dunn,10-01-2011,26-01-2016,attendance,Voluntarily Terminated,Fully Meets,3,2,6,3,Voluntarily Terminated,30000,40000,50000,0,5.0466,Below Range
Robinson,Cherly,1403065625,33,Female,Married,White,No,US Citizen,MA,1460,Production,Production Technician I,16,Ketsia Liebig,10-01-2011,17-05-2016,attendance,Terminated for Cause,Needs Improvement,0,0,17,19,Terminated for Cause,30000,40000,50000,0,5.3534,Below Range
Robinson,Elias,1011022887,33,Male,widowed,White,No,US Citizen,MA,1730,Production,Production Technician I,17,Brannon Miller,08-07-2013,NULL,N/A - still employed,Active,Exceptional,1,0,10,13,Active,30000,40000,50000,0,12.137,Below Range
Rose,Ashley,710007555,43,Female,Separated,White,No,US Citizen,MA,1886,Production,Production Technician I,17,David Stanley,06-01-2014,NULL,N/A - still employed,Active,Fully Meets,1,0,9,10,Active,30000,40000,50000,7145,11.6384,Below Range
Rossetti,Bruno,1405067492,30,Male,Single,White,No,US Citizen,MA,2155,Production,Production Technician I,18,Kissy Sullivan,04-04-2011,13-08-2012,Another position,Voluntarily Terminated,Fully Meets,2,0,5,6,Voluntarily Terminated,30000,40000,50000,5183,1.3616,Below Range
Saar-Beckles,Melinda,1410070998,49,Female,Single,Black or African American,No,US Citizen,MA,1801,Production,Production Technician I,20,Kelley Spirea,04-07-2016,NULL,N/A - Has not started yet,Future Start,N/A- too early to review,1,0,14,13,Future Start,30000,40000,50000,10021,9.1452,Below Range
Sadki,Nore,1308060535,43,Male,Single,White,No,US Citizen,MA,2148,Production,Production Technician I,21,Michael Albert,05-01-2009,30-07-2010,relocation out of area,Voluntarily Terminated,Fully Meets,0,0,12,14,Voluntarily Terminated,30000,40000,50000,0,1.5644,Below Range
Sander,Kamrin,1302053362,29,Female,Married,Black or African American,No,US Citizen,MA,2154,Production,Production Technician I,21,Elijiah Gray,29-09-2014,NULL,N/A - still employed,Active,Fully Meets,0,2,9,12,Active,30000,40000,50000,7500,10.9096,Below Range
Sewkumar,Nori,807010161,42,Female,Single,Asian,No,US Citizen,MA,2191,Production,Production Technician I,15.2,Webster Butler,30-09-2013,NULL,N/A - still employed,Leave of Absence,Fully Meets,0,0,12,12,Leave of Absence,30000,40000,50000,5183,11.9068,Below Range
Shields,Seffi,1205033102,32,Female,Married,White,No,US Citizen,MA,2149,Production,Production Technician I,15,Amy Dunn,19-08-2013,NULL,N/A - still employed,Active,Fully Meets,1,1,9,10,Active,30000,40000,50000,8291,12.0219,Below Range
Smith,Sade,1501071909,53,Female,Single,White,No,US Citizen,MA,2130,Production,Production Technician I,24.5,Ketsia Liebig,11-11-2013,NULL,N/A - still employed,Active,Fully Meets,2,2,3,4,Active,30000,40000,50000,0,11.7918,Below Range
Sparks,Taylor,1410071137,49,Female,Married,White,No,US Citizen,MA,2093,Production,Production Technician I,16,Brannon Miller,20-02-2012,NULL,N/A - still employed,Active,PIP,0,0,16,15,Active,30000,40000,50000,6192,13.5178,Below Range
Squatrito,Kristen,1405067138,44,Female,Divorced,White,No,US Citizen,MA,2359,Production,Production Technician I,21,David Stanley,13-05-2013,29-06-2015,unhappy,Voluntarily Terminated,Exceeds,1,1,9,10,Voluntarily Terminated,30000,40000,50000,10980,2.1288,Below Range
Stanford,Barbara  M,1111030244,35,Female,Divorced,Two or more races,No,US Citizen,MA,2050,Production,Production Technician I,14,Kissy Sullivan,10-01-2011,NULL,N/A - still employed,Active,Fully Meets,1,1,10,12,Active,30000,40000,50000,0,14.6301,Below Range
Stoica,Rick,1106026896,32,Male,Married,Asian,No,US Citizen,MA,2301,Production,Production Technician I,22,Kelley Spirea,17-02-2014,NULL,N/A - still employed,Active,Fully Meets,0,0,5,9,Active,30000,40000,50000,7500,11.5233,Below Range
Sullivan,Timothy,1201031310,35,Male,Married,White,Yes,US Citizen,MA,2747,Production,Production Technician I,19,Michael Albert,05-01-2015,NULL,N/A - still employed,Active,90-day meets,0,0,14,14,Active,30000,40000,50000,0,10.6411,Below Range
Sutwell,Barbara,1407069061,49,Female,Single,Asian,No,Eligible NonCitizen,MA,2718,Production,Production Technician I,14,Elijiah Gray,14-05-2012,NULL,N/A - still employed,Active,Fully Meets,2,0,10,12,Active,30000,40000,50000,0,13.2877,Below Range
Tavares,Desiree,1405067501,42,Female,Married,Two or more races,No,Non-Citizen,MA,1801,Production,Production Technician I,15,Webster Butler,27-04-2009,01-04-2013,Another position,Voluntarily Terminated,Fully Meets,2,0,6,7,Voluntarily Terminated,30000,40000,50000,10021,3.9315,Below Range
Theamstern,Sophia,1404066739,52,Female,Single,White,No,US Citizen,MA,2066,Production,Production Technician I,20,Amy Dunn,05-07-2011,05-09-2011,return to school,Voluntarily Terminated,N/A- too early to review,1,0,5,9,Voluntarily Terminated,30000,40000,50000,6192,0.1699,Below Range
Tinto,Theresa,1103024504,34,Female,Divorced,White,No,US Citizen,MA,1876,Production,Production Technician I,20,Ketsia Liebig,10-01-2011,14-05-2011,Another position,Voluntarily Terminated,90-day meets,2,1,8,9,Voluntarily Terminated,30000,40000,50000,5573,0.3397,Below Range
Tippett,Jeanette,1409070255,50,Female,Divorced,Black or African American,No,US Citizen,MA,2093,Production,Production Technician I,24,Brannon Miller,18-02-2013,NULL,N/A - still employed,Active,Fully Meets,3,0,4,7,Active,30000,40000,50000,6192,12.5205,Below Range
Trang,Mei,1012023152,34,Female,Single,White,No,US Citizen,MA,2021,Production,Production Technician I,22,David Stanley,17-02-2014,NULL,N/A - still employed,Active,N/A- too early to review,0,0,15,16,Active,30000,40000,50000,1200,11.5233,Below Range
Veera,Abdellah,1203032235,30,Male,Divorced,White,No,US Citizen,MA,2171,Production,Production Technician I,19,Kissy Sullivan,13-08-2012,05-02-2016,maternity leave - did not return,Voluntarily Terminated,Exceeds,0,0,16,15,Voluntarily Terminated,30000,40000,50000,0,3.4822,Below Range
Volk,Colleen,1011022814,31,Female,Married,White,No,US Citizen,MA,2747,Production,Production Technician I,21,Kelley Spirea,26-09-2011,08-02-2016,gross misconduct,Terminated for Cause,Exceeds,1,0,5,5,Terminated for Cause,30000,40000,50000,5573,4.3726,Below Range
Von Massenbach,Anna,1106026474,32,Female,Single,White,No,US Citizen,MA,2124,Production,Production Technician I,20,Michael Albert,05-07-2015,NULL,N/A - Has not started yet,Future Start,N/A- too early to review,3,4,7,9,Future Start,30000,40000,50000,8291,10.1452,Below Range
Wallace,Theresa,1101023619,37,Female,Single,White,No,US Citizen,MA,1887,Production,Production Technician I,15,Elijiah Gray,13-08-2012,01-09-2015,career change,Voluntarily Terminated,Needs Improvement,4,1,7,8,Voluntarily Terminated,30000,40000,50000,5760,3.0521,Below Range
Whittier,Scott,1307060212,30,Male,Single,White,Yes,US Citizen,MA,2030,Production,Production Technician I,23,Webster Butler,10-01-2011,15-05-2011,hours,Voluntarily Terminated,90-day meets,0,0,14,13,Voluntarily Terminated,30000,40000,50000,8291,0.3425,Below Range
Wilber,Barry,1101023839,52,Male,Married,White,No,Eligible NonCitizen,MA,2324,Production,Production Technician I,21,Amy Dunn,16-05-2011,07-09-2015,unhappy,Voluntarily Terminated,Fully Meets,1,0,9,12,Voluntarily Terminated,30000,40000,50000,7145,4.3151,Below Range
Williams,Jacquelyn,1308060671,48,Female,Single,Two or more races,Yes,US Citizen,MA,2109,Production,Production Technician I,16,Ketsia Liebig,09-01-2012,27-06-2015,relocation out of area,Voluntarily Terminated,Fully Meets,2,2,3,5,Voluntarily Terminated,30000,40000,50000,10021,3.4658,Below Range
Ybarra,Catherine,1001268402,35,Female,Single,Asian,No,US Citizen,MA,2458,Production,Production Technician I,22,Brannon Miller,02-09-2008,29-09-2015,Another position,Voluntarily Terminated,PIP,0,0,10,10,Voluntarily Terminated,30000,40000,50000,5183,7.0767,Below Range
Zima,Colleen,1211051232,39,Female,widowed,Asian,No,US Citizen,MA,1730,Production,Production Technician I,15,David Stanley,29-09-2014,NULL,N/A - still employed,Active,Fully Meets,2,0,9,10,Active,30000,40000,50000,7500,10.9096,Below Range
Akinkuolie,Sarah,1005019209,29,Female,Married,White,No,US Citizen,MA,1810,Production,Production Technician II,29,Kissy Sullivan,05-07-2011,24-09-2012,hours,Voluntarily Terminated,90-day meets,0,0,17,17,Voluntarily Terminated,38000,48000,58000,8291,1.2247,Below Range
Beak,Kimberly,1303054329,51,Female,Married,White,No,US Citizen,MA,2145,Production,Production Technician II,27,Kelley Spirea,21-07-2016,NULL,N/A - Has not started yet,Future Start,Exceeds,2,2,6,5,Future Start,38000,48000,58000,0,9.0986,Below Range
Blount,Dianna,1403066125,27,Female,Single,White,No,US Citizen,MA,2171,Production,Production Technician II,27,Michael Albert,04-04-2011,NULL,N/A - still employed,Active,Needs Improvement,1,1,6,11,Active,38000,48000,58000,5760,14.4,Below Range
Bondwell,Betsy,1008021030,51,Female,Single,White,No,US Citizen,MA,2210,Production,Production Technician II,26,Elijiah Gray,10-01-2011,04-04-2014,career change,Voluntarily Terminated,90-day meets,0,1,15,16,Voluntarily Terminated,38000,48000,58000,5183,3.2329,Below Range
Buccheri,Joseph,1101023457,34,Male,Single,White,No,US Citizen,MA,1013,Production,Production Technician II,22,Webster Butler,29-09-2014,NULL,N/A - still employed,Active,Fully Meets,1,0,9,10,Active,38000,48000,58000,0,10.9096,Below Range
Burke,Joelle,1011022820,37,Female,Single,Black or African American,No,US Citizen,MA,2148,Production,Production Technician II,25,Amy Dunn,05-03-2012,NULL,N/A - still employed,Active,Fully Meets,1,1,10,10,Active,38000,48000,58000,0,13.4795,Below Range
Burkett,Benjamin,1301052449,40,Male,Married,White,No,US Citizen,MA,1890,Production,Production Technician II,26,Ketsia Liebig,04-04-2011,NULL,N/A - still employed,Active,Fully Meets,0,1,7,8,Active,38000,48000,58000,7790,14.4,Below Range
Cloninger,Jennifer,1012023226,36,Female,Married,White,No,US Citizen,MA,1752,Production,Production Technician II,25,Brannon Miller,16-05-2011,07-01-2013,unhappy,Voluntarily Terminated,90-day meets,1,0,9,10,Voluntarily Terminated,38000,48000,58000,0,1.6493,Below Range
Close,Phil,1209048697,39,Male,Married,White,No,US Citizen,MA,2169,Production,Production Technician II,26,David Stanley,30-08-2010,26-09-2011,career change,Voluntarily Terminated,Fully Meets,3,0,5,7,Voluntarily Terminated,38000,48000,58000,3995,1.074,Below Range
Davis,Daniel,1201031274,38,Male,Single,Two or more races,No,Eligible NonCitizen,MA,2458,Production,Production Technician II,25,Kissy Sullivan,11-07-2011,NULL,N/A - still employed,Active,90-day meets,1,0,14,15,Active,38000,48000,58000,8291,14.1315,Below Range
Demita,Carla,1104025179,66,Female,Separated,Black or African American,No,US Citizen,MA,2343,Production,Production Technician II,29,Kelley Spirea,04-04-2011,04-11-2015,more money,Voluntarily Terminated,Fully Meets,3,3,4,5,Voluntarily Terminated,38000,48000,58000,5183,4.589,Below Range
Erilus,Angela,1105025661,28,Female,Separated,White,No,US Citizen,MA,2133,Production,Production Technician II,24,Michael Albert,07-07-2014,NULL,N/A - still employed,Active,PIP,1,0,13,13,Active,38000,48000,58000,3510,11.1397,Below Range
Faller,Megan,1108028428,39,Female,Married,Black or African American,No,US Citizen,MA,1824,Production,Production Technician II,27,Elijiah Gray,07-07-2014,NULL,N/A - still employed,Active,Fully Meets,0,0,15,18,Active,38000,48000,58000,1200,11.1397,Below Range
Fancett,Nicole,1402065085,30,Female,Single,Black or African American,No,US Citizen,MA,2324,Production,Production Technician II,24,Webster Butler,17-02-2014,NULL,N/A - still employed,Active,Fully Meets,0,0,15,14,Active,38000,48000,58000,8291,11.5233,Below Range
Fitzpatrick,Michael  J,1109029103,36,Male,Single,White,Yes,US Citizen,MA,2143,Production,Production Technician II,29,Amy Dunn,16-05-2011,24-06-2013,hours,Voluntarily Terminated,Fully Meets,0,0,14,14,Voluntarily Terminated,38000,48000,58000,5573,2.1096,Below Range
Foreman,Tanya,1012023204,34,Female,Married,White,No,US Citizen,MA,2170,Production,Production Technician II,24,Ketsia Liebig,04-04-2011,09-01-2012,career change,Voluntarily Terminated,Fully Meets,3,3,3,1,Voluntarily Terminated,38000,48000,58000,0,0.7671,Below Range
Gonzalez,Juan,1411071324,53,Male,Married,Black or African American,No,US Citizen,MA,2128,Production,Production Technician II,29,Brannon Miller,26-04-2010,30-05-2011,career change,Voluntarily Terminated,PIP,1,0,12,10,Voluntarily Terminated,38000,48000,58000,10021,1.0932,Below Range
Good,Susan,1001549006,31,Female,Married,White,No,US Citizen,MA,1886,Production,Production Technician II,24.25,David Stanley,05-12-2014,NULL,N/A - still employed,Leave of Absence,Fully Meets,1,1,14,15,Leave of Absence,38000,48000,58000,1200,10.726,Below Range
Gosciminski,Phylicia,1108028351,34,Female,Separated,American Indian or Alaska Native,No,US Citizen,MA,1824,Production,Production Technician II,27,Kissy Sullivan,30-09-2013,NULL,N/A - still employed,Leave of Absence,Fully Meets,1,0,12,12,Leave of Absence,38000,48000,58000,0,11.9068,Below Range
Hankard,Earnest,1307059937,29,Male,Single,White,Yes,US Citizen,MA,2155,Production,Production Technician II,24,Kelley Spirea,11-11-2013,NULL,N/A - still employed,Active,Fully Meets,0,0,15,16,Active,38000,48000,58000,8291,11.7918,Below Range
Hendrickson,Trina,1011022932,45,Female,Single,White,No,US Citizen,MA,2021,Production,Production Technician II,24,Kelley Spirea,10-01-2011,18-02-2013,hours,Voluntarily Terminated,Fully Meets,0,0,14,15,Voluntarily Terminated,38000,48000,58000,5760,2.1096,Below Range
Homberger,Adrienne  J,1207046956,33,Female,Married,White,No,Non-Citizen,MA,2445,Production,Production Technician II,28,Michael Albert,15-08-2011,07-04-2012,relocation out of area,Voluntarily Terminated,Fully Meets,2,1,5,6,Voluntarily Terminated,38000,48000,58000,0,0.6466,Below Range
Hunts,Julissa,1106026433,33,Female,Single,White,No,US Citizen,MA,2021,Production,Production Technician II,25,Elijiah Gray,06-06-2016,NULL,N/A - Has not started yet,Future Start,N/A- too early to review,2,0,10,10,Future Start,38000,48000,58000,0,9.2219,Below Range
Hutter,Rosalie,1103024924,25,Female,Separated,White,No,US Citizen,MA,2351,Production,Production Technician II,28,Webster Butler,05-06-2015,NULL,N/A - Has not started yet,Future Start,N/A- too early to review,0,0,11,10,Future Start,38000,48000,58000,3995,10.2274,Below Range
Huynh,Ming,1306058509,41,Female,Divorced,White,No,US Citizen,MA,1742,Production,Production Technician II,23,Amy Dunn,21-02-2011,01-04-2013,unhappy,Voluntarily Terminated,Fully Meets,0,0,16,17,Voluntarily Terminated,38000,48000,58000,5183,2.1096,Below Range
Jeannite,Tayana,1008020942,31,Female,Divorced,American Indian or Alaska Native,No,US Citizen,MA,1821,Production,Production Technician II,22.5,Ketsia Liebig,05-07-2011,NULL,N/A - still employed,Active,Exceeds,0,0,19,17,Active,38000,48000,58000,10980,14.1479,Below Range
Johnston,Yen,1306057810,48,Female,Single,White,No,US Citizen,MA,2128,Production,Production Technician II,25,Brannon Miller,07-07-2014,NULL,N/A - still employed,Active,Exceptional,0,0,11,10,Active,38000,48000,58000,1200,11.1397,Below Range
Langford,Lindsey,1010022030,38,Female,Divorced,Asian,No,US Citizen,MA,2090,Production,Production Technician II,22,David Stanley,07-01-2013,31-03-2014,Another position,Voluntarily Terminated,Fully Meets,1,0,15,15,Voluntarily Terminated,38000,48000,58000,0,1.2274,Below Range
Latif,Mohammed,1104025486,33,Male,Married,White,No,US Citizen,MA,2126,Production,Production Technician II,28,Kissy Sullivan,02-04-2012,15-04-2013,more money,Voluntarily Terminated,Fully Meets,1,0,15,14,Voluntarily Terminated,38000,48000,58000,0,1.0356,Below Range
Linden,Mathew,1405067565,38,Male,Married,White,No,US Citizen,MA,1770,Production,Production Technician II,22,Kelley Spirea,08-07-2013,NULL,N/A - still employed,Leave of Absence,Fully Meets,2,1,5,7,Leave of Absence,38000,48000,58000,0,12.137,Below Range
Lundy,Susan,1305056276,41,Female,widowed,White,No,US Citizen,MA,2122,Production,Production Technician II,24,Michael Albert,08-07-2013,15-09-2013,more money,Voluntarily Terminated,N/A- too early to review,0,0,18,16,Voluntarily Terminated,38000,48000,58000,7500,0.189,Below Range
Lunquist,Lisa,1001504432,35,Female,Single,Black or African American,No,US Citizen,MA,2324,Production,Production Technician II,26.1,Elijiah Gray,19-08-2013,NULL,N/A - still employed,Active,Exceeds,4,0,8,8,Active,38000,48000,58000,0,12.0219,Below Range
Manchester,Robyn,1110029623,41,Female,Married,White,No,US Citizen,MA,2324,Production,Production Technician II,23,Webster Butler,11-05-2016,NULL,N/A - Has not started yet,Future Start,N/A- too early to review,1,0,6,5,Future Start,38000,48000,58000,0,9.2932,Below Range
Mancuso,Karen,1304055986,31,Female,Married,Two or more races,No,US Citizen,MA,2176,Production,Production Technician II,23,Amy Dunn,05-07-2011,19-08-2011,Another position,Voluntarily Terminated,N/A- too early to review,1,0,5,5,Voluntarily Terminated,38000,48000,58000,8291,0.1233,Below Range
McCarthy,Brigit,1406067957,30,Female,Single,White,No,US Citizen,MA,2149,Production,Production Technician II,26,Ketsia Liebig,30-03-2015,NULL,N/A - still employed,Active,N/A- too early to review,2,2,4,4,Active,38000,48000,58000,8291,10.411,Below Range
Miller,Ned,1205033439,32,Male,Single,White,No,US Citizen,MA,2472,Production,Production Technician II,25,Brannon Miller,15-08-2011,04-09-2014,unhappy,Voluntarily Terminated,PIP,1,0,15,14,Voluntarily Terminated,38000,48000,58000,10980,3.0575,Below Range
Monkfish,Erasumus,1404066711,25,Male,Married,White,No,US Citizen,MA,1450,Production,Production Technician II,27,David Stanley,11-07-2011,NULL,N/A - still employed,Active,Fully Meets,0,0,17,18,Active,38000,48000,58000,1200,14.1315,Below Range
Monterro,Luisa,1001103149,47,Female,Single,Black or African American,No,US Citizen,MA,2126,Production,Production Technician II,25,Kissy Sullivan,13-05-2013,NULL,N/A - still employed,Active,Exceptional,1,1,10,12,Active,38000,48000,58000,6192,12.2904,Below Range
Moran,Patrick,1408069503,41,Male,Single,Hispanic,No,US Citizen,MA,2127,Production,Production Technician II,26,Kelley Spirea,09-01-2012,NULL,N/A - still employed,Leave of Absence,Fully Meets,1,0,10,12,Leave of Absence,38000,48000,58000,10021,13.6329,Below Range
Moumanil,Maliki,1301052436,43,Male,Separated,Black or African American,No,US Citizen,MA,1460,Production,Production Technician II,29,Michael Albert,13-05-2013,NULL,N/A - still employed,Active,Fully Meets,0,1,10,10,Active,38000,48000,58000,7500,12.2904,Below Range
Nowlan,Kristie,1104025435,32,Female,Single,White,No,US Citizen,MA,1040,Production,Production Technician II,26.39,Elijiah Gray,11-10-2014,NULL,N/A - still employed,Active,Fully Meets,3,0,6,7,Active,38000,48000,58000,0,10.8767,Below Range
Oliver,Brooke,1001856521,65,Female,Married,Asian,No,US Citizen,MA,2492,Production,Production Technician II,25,Webster Butler,14-05-2012,19-08-2013,unhappy,Voluntarily Terminated,90-day meets,4,0,6,7,Voluntarily Terminated,38000,48000,58000,8291,1.2658,Below Range
Pelletier,Ermine,1202031821,28,Female,Married,Asian,No,US Citizen,MA,2472,Production,Production Technician II,28,Amy Dunn,05-07-2011,15-09-2011,unhappy,Voluntarily Terminated,N/A- too early to review,0,0,17,18,Voluntarily Terminated,38000,48000,58000,5760,0.1973,Below Range
Peters,Lauren,1411071406,31,Female,Married,White,No,US Citizen,MA,1886,Production,Production Technician II,29,Ketsia Liebig,16-05-2011,04-02-2012,more money,Voluntarily Terminated,Exceeds,0,0,9,10,Voluntarily Terminated,38000,48000,58000,3510,0.7233,Below Range
Petingill,Shana,1103024843,38,Female,Married,Asian,No,Eligible NonCitizen,MA,2050,Production,Production Technician II,26,Brannon Miller,02-04-2012,NULL,N/A - still employed,Active,Fully Meets,2,1,4,6,Active,38000,48000,58000,10980,13.4027,Below Range
Roberson,May,1402065340,36,Female,Divorced,White,No,Eligible NonCitizen,MA,1902,Production,Production Technician II,26,David Stanley,26-09-2011,22-10-2011,return to school,Voluntarily Terminated,N/A- too early to review,0,0,12,12,Voluntarily Terminated,38000,48000,58000,5183,0.0712,Below Range
Robertson,Peter,1499902991,45,Male,Married,White,No,US Citizen,MA,2138,Production,Production Technician II,22,Kissy Sullivan,05-07-2011,08-02-2012,Another position,Voluntarily Terminated,Fully Meets,0,0,11,10,Voluntarily Terminated,38000,48000,58000,0,0.5973,Below Range
Sahoo,Adil,1106026462,31,Male,Married,White,No,US Citizen,MA,2062,Production,Production Technician II,29,Kelley Spirea,30-08-2010,NULL,N/A - still employed,Active,Fully Meets,0,0,14,17,Active,38000,48000,58000,5760,14.9945,Below Range
Sloan,Constance,1012023103,30,Female,Single,White,No,US Citizen,MA,1851,Production,Production Technician II,23,Michael Albert,26-10-2009,08-04-2015,maternity leave - did not return,Voluntarily Terminated,Fully Meets,0,0,16,16,Voluntarily Terminated,38000,48000,58000,5760,5.4521,Below Range
Smith,Joe,1001970770,54,Male,Single,White,No,US Citizen,MA,2045,Production,Production Technician II,22,Elijiah Gray,29-09-2014,NULL,N/A - still employed,Active,Exceeds,0,0,12,18,Active,38000,48000,58000,3510,10.9096,Below Range
Tejeda,Lenora,1406068345,64,Female,Married,White,No,US Citizen,MA,2129,Production,Production Technician II,28.75,Elijiah Gray,16-05-2011,08-07-2012,Another position,Voluntarily Terminated,Fully Meets,1,0,12,12,Voluntarily Terminated,38000,48000,58000,5183,1.1479,Below Range
Thibaud,Kenneth,1011022777,42,Male,widowed,White,No,US Citizen,MA,2472,Production,Production Technician II,23,Webster Butler,25-06-2007,30-08-2010,military,Voluntarily Terminated,Fully Meets,1,0,12,13,Voluntarily Terminated,38000,48000,58000,3510,3.1836,Below Range
Trzeciak,Cybil,1107027551,32,Female,Single,White,No,US Citizen,MA,1778,Production,Production Technician II,22,Amy Dunn,10-01-2011,02-07-2012,unhappy,Voluntarily Terminated,Fully Meets,0,1,12,14,Voluntarily Terminated,38000,48000,58000,0,1.4767,Below Range
Walker,Roger,1011022818,41,Male,Single,Black or African American,No,US Citizen,MA,2459,Production,Production Technician II,22,Ketsia Liebig,18-08-2014,NULL,N/A - still employed,Active,Fully Meets,0,0,18,17,Active,38000,48000,58000,0,11.0247,Below Range
Winthrop,Jordan,1405067188,59,male,Single,White,No,US Citizen,MA,2045,Production,Production Technician II,29,Brannon Miller,07-01-2013,21-02-2016,retiring,Voluntarily Terminated,Exceeds,0,0,12,11,Voluntarily Terminated,38000,48000,58000,1200,3.1233,Below Range
Wolk,Hang  T,1205033180,32,Female,Single,White,No,US Citizen,MA,2302,Production,Production Technician II,22,David Stanley,29-09-2014,NULL,N/A - still employed,Active,Fully Meets,0,0,12,17,Active,38000,48000,58000,8291,10.9096,Below Range
Woodson,Jason,1012023010,32,Male,Single,White,No,US Citizen,MA,1810,Production,Production Technician II,24.25,Kissy Sullivan,07-07-2014,NULL,N/A - still employed,Active,Fully Meets,NULL,0,NULL,NULL,Active,38000,48000,58000,0,11.1397,Below Range
Buck,Edward,1504073313,42,Male,Married,White,No,US Citizen,MA,2330,Sales,Area Sales Manager,55,Lynn Daneault,29-09-2014,NULL,N/A - still employed,Active,NULL,NULL,NULL,NULL,NULL,Active,NULL,NULL,NULL,0,10.9096,Within Range
Bunbury,Jessica,1504073368,53,Female,Married,Black or African American,No,Eligible NonCitizen,VA,21851,Sales,Area Sales Manager,55,John Smith,15-08-2011,02-08-2014,Another position,Voluntarily Terminated,NULL,NULL,NULL,NULL,NULL,Voluntarily Terminated,NULL,NULL,NULL,5573,2.9671,Within Range
Carter,Michelle,1403065721,54,Female,Single,White,No,US Citizen,VT,5664,Sales,Area Sales Manager,55,John Smith,18-08-2014,NULL,N/A - still employed,Active,NULL,NULL,NULL,NULL,NULL,Active,NULL,NULL,NULL,6192,11.0247,Within Range
Costa,Latia,1409070567,29,Female,Single,White,No,US Citizen,CA,90007,Sales,Area Sales Manager,55,Lynn Daneault,10-01-2011,NULL,N/A - still employed,Active,NULL,NULL,NULL,NULL,NULL,Active,NULL,NULL,NULL,3995,14.6301,Within Range
Dietrich,Jenna,1408069481,30,Female,Single,White,Yes,US Citizen,WA,98052,Sales,Area Sales Manager,55,John Smith,20-02-2012,NULL,N/A - still employed,Active,NULL,NULL,NULL,NULL,NULL,Active,NULL,NULL,NULL,7145,13.5178,Within Range
Digitale,Alfred,1306059197,29,Male,Married,American Indian or Alaska Native,No,US Citizen,NH,3062,Sales,Area Sales Manager,56,John Smith,18-08-2014,NULL,N/A - still employed,Active,NULL,NULL,NULL,NULL,NULL,Active,NULL,NULL,NULL,3510,11.0247,Within Range
Fraval,Maruk,1411071302,54,Male,Single,Black or African American,No,US Citizen,CT,6050,Sales,Area Sales Manager,55,Lynn Daneault,06-09-2011,NULL,N/A - still employed,Active,NULL,NULL,NULL,NULL,NULL,Active,NULL,NULL,NULL,5760,13.9753,Within Range
Friedman,Gerry,1204032843,48,Male,Single,Two or more races,Yes,US Citizen,NY,10171,Sales,Area Sales Manager,55.5,John Smith,07-03-2011,NULL,N/A - still employed,Active,NULL,NULL,NULL,NULL,NULL,Active,NULL,NULL,NULL,10021,14.4767,Within Range
Gill,Whitney,1302053046,46,Female,widowed,Black or African American,No,US Citizen,OH,43050,Sales,Area Sales Manager,55,John Smith,07-07-2014,05-09-2015,attendance,Terminated for Cause,NULL,NULL,NULL,NULL,NULL,Terminated for Cause,NULL,NULL,NULL,5760,1.1644,Within Range
Givens,Myriam,1203032099,28,Female,Single,White,No,US Citizen,IN,46204,Sales,Area Sales Manager,55,Lynn Daneault,16-02-2015,NULL,N/A - still employed,Active,NULL,NULL,NULL,NULL,NULL,Active,NULL,NULL,NULL,3510,10.526,Within Range
Gonzales,Ricardo,1411071481,63,Male,Married,White,No,US Citizen,ID,83706,Sales,Area Sales Manager,55.5,John Smith,05-12-2014,NULL,N/A - still employed,Active,NULL,NULL,NULL,NULL,NULL,Active,NULL,NULL,NULL,5760,10.726,Within Range
Guilianno,Mike,1001167253,48,Male,Single,Two or more races,No,US Citizen,TN,37129,Sales,Area Sales Manager,55,John Smith,07-03-2011,31-10-2014,relocation out of area,Voluntarily Terminated,NULL,NULL,NULL,NULL,NULL,Voluntarily Terminated,NULL,NULL,NULL,8291,3.6548,Within Range
Jeremy Prater,,1001084890,43,Male,Married,White,No,US Citizen,NV,89139,Sales,Area Sales Manager,56,Lynn Daneault,05-12-2014,NULL,N/A - still employed,Active,NULL,NULL,NULL,NULL,NULL,Active,NULL,NULL,NULL,7145,10.726,Within Range
Khemmich,Bartholemew,1104025008,38,Male,Single,White,No,US Citizen,CO,80820,Sales,Area Sales Manager,55,Lynn Daneault,19-08-2013,NULL,N/A - still employed,Active,NULL,NULL,NULL,NULL,NULL,Active,NULL,NULL,NULL,3510,12.0219,Within Range
Leruth,Giovanni,1412071660,29,Male,Separated,Black or African American,No,US Citizen,UT,84111,Sales,Area Sales Manager,55,John Smith,30-04-2012,NULL,N/A - still employed,Active,NULL,NULL,NULL,NULL,NULL,Active,NULL,NULL,NULL,7145,13.326,Within Range
Martins,Joseph,1209048771,47,Male,Single,Black or African American,No,Eligible NonCitizen,TX,78207,Sales,Area Sales Manager,56,Lynn Daneault,14-05-2012,NULL,N/A - still employed,Active,NULL,NULL,NULL,NULL,NULL,Active,NULL,NULL,NULL,0,13.2877,Within Range
McKinzie,Jac,1209049326,33,Male,Married,Two or more races,No,US Citizen,TX,78789,Sales,Area Sales Manager,55,Lynn Daneault,06-07-2016,NULL,N/A - Has not started yet,Future Start,NULL,NULL,NULL,NULL,NULL,Future Start,NULL,NULL,NULL,7145,9.1397,Within Range
Mullaney,Howard,1306057978,42,Male,Single,Two or more races,No,US Citizen,AL,36006,Sales,Area Sales Manager,55,John Smith,29-09-2014,NULL,N/A - still employed,Active,NULL,NULL,NULL,NULL,NULL,Active,NULL,NULL,NULL,0,10.9096,Within Range
Nguyen,Dheepa,1111030684,28,Female,Single,Two or more races,No,US Citizen,GA,30428,Sales,Area Sales Manager,55,Lynn Daneault,08-07-2013,NULL,N/A - still employed,Active,NULL,NULL,NULL,NULL,NULL,Active,NULL,NULL,NULL,3510,12.137,Within Range
Onque,Jasmine,1501072180,27,Female,Single,White,Yes,US Citizen,FL,33174,Sales,Area Sales Manager,57,Lynn Daneault,30-09-2013,NULL,N/A - still employed,Active,NULL,NULL,NULL,NULL,NULL,Active,NULL,NULL,NULL,3510,11.9068,Within Range
Ozark,Travis,812011761,35,Male,Single,White,No,US Citizen,NC,27229,Sales,Area Sales Manager,55,John Smith,05-01-2015,NULL,N/A - still employed,Active,NULL,NULL,NULL,NULL,NULL,Active,NULL,NULL,NULL,7145,10.6411,Within Range
Potts,Xana,1102024106,29,Female,Married,Black or African American,No,US Citizen,KY,40220,Sales,Area Sales Manager,55,Lynn Daneault,09-01-2012,NULL,N/A - still employed,Active,NULL,NULL,NULL,NULL,NULL,Active,NULL,NULL,NULL,7145,13.6329,Within Range
Riordan,Michael,1502072711,50,Male,Separated,White,No,US Citizen,ND,58782,Sales,Area Sales Manager,55,Lynn Daneault,09-01-2006,NULL,N/A - still employed,Active,NULL,NULL,NULL,NULL,NULL,Active,NULL,NULL,NULL,6192,19.6356,Within Range
Strong,Caitrin,1411071295,28,Female,Married,Black or African American,No,US Citizen,MT,59102,Sales,Area Sales Manager,54,John Smith,27-09-2010,NULL,N/A - still employed,Active,NULL,NULL,NULL,NULL,NULL,Active,NULL,NULL,NULL,1200,14.9178,Within Range
Terry,Sharlene,1401064637,52,Female,Single,Black or African American,No,US Citizen,OR,97756,Sales,Area Sales Manager,55,Lynn Daneault,29-09-2014,NULL,N/A - still employed,Active,NULL,NULL,NULL,NULL,NULL,Active,NULL,NULL,NULL,5760,10.9096,Within Range
Valentin,Jackie,1312063714,26,Female,Married,Two or more races,No,US Citizen,AZ,85006,Sales,Area Sales Manager,55,John Smith,05-07-2011,NULL,N/A - still employed,Active,NULL,NULL,NULL,NULL,NULL,Active,NULL,NULL,NULL,3995,14.1479,Within Range
Villanueva,Noah,1111030503,28,Male,Single,Asian,No,US Citizen,ME,4063,Sales,Area Sales Manager,56,John Smith,05-03-2012,NULL,N/A - still employed,Active,NULL,NULL,NULL,NULL,NULL,Active,NULL,NULL,NULL,7145,13.4795,Within Range
Houlihan,Debra,1009021646,51,Female,Married,White,No,US Citizen,RI,2908,Sales,Director of Sales,60,Janet King,05-05-2014,NULL,N/A - still employed,Active,NULL,NULL,NULL,NULL,NULL,Active,NULL,NULL,NULL,10980,11.3123,Within Range
Daneault,Lynn,1402065303,27,Female,Single,White,No,US Citizen,VT,5473,Sales,Sales Manager,54,Debra Houlihan,05-05-2014,24-04-2014,N/A - still employed,Active,NULL,NULL,NULL,NULL,NULL,Active,NULL,NULL,NULL,3510,-0.0301,Within Range
Kampew,Donysha,1109029264,28,Female,Single,White,No,US Citizen,PA,19444,Sales,Sales Manager,60.25,Debra Houlihan,07-11-2011,NULL,maternity leave - did not return,Voluntarily Terminated,NULL,NULL,NULL,NULL,NULL,Voluntarily Terminated,NULL,NULL,NULL,5573,13.8055,Within Range
Smith,John,1499902910,33,Male,Divorced,Black or African American,no,US Citizen,MA,1886,Sales,Sales Manager,56,Debra Houlihan,18-05-2014,NULL,N/A - still employed,Active,NULL,NULL,NULL,NULL,NULL,Active,NULL,NULL,NULL,10021,11.2767,Within Range
Andreola,Colby,1107027358,38,Female,Single,White,No,US Citizen,MA,2110,Software Engineering,Software Engineer,47.6,Alex Sweetwater,10-11-2014,NULL,N/A - still employed,Active,NULL,NULL,NULL,NULL,NULL,Active,NULL,NULL,NULL,0,10.7945,Within Range
Carabbio,Judith,1101023577,30,Female,Single,White,No,US Citizen,MA,2132,Software Engineering,Software Engineer,56,Alex Sweetwater,11-11-2013,NULL,N/A - still employed,Active,NULL,NULL,NULL,NULL,NULL,Active,NULL,NULL,NULL,3510,11.7918,Within Range
Del Bosque,Keyla,1203032498,38,Female,Single,Black or African American,No,US Citizen,MA,2176,Software Engineering,Software Engineer,57.12,Alex Sweetwater,09-01-2012,05-06-2013,N/A - still employed,Active,NULL,NULL,NULL,NULL,NULL,Active,NULL,NULL,NULL,5760,1.4055,Within Range
Exantus,Susan,1401064670,30,Female,Married,Black or African American,No,US Citizen,MA,1749,Software Engineering,Software Engineer,48.5,Alex Sweetwater,02-05-2011,NULL,attendance,Terminated for Cause,NULL,NULL,NULL,NULL,NULL,Terminated for Cause,NULL,NULL,NULL,6192,14.3233,Within Range
Martin,Sandra,1303054625,30,Female,Separated,Asian,No,US Citizen,MA,2135,Software Engineering,Software Engineer,55.51,Alex Sweetwater,11-11-2013,07-09-2015,N/A - still employed,Active,NULL,NULL,NULL,NULL,NULL,Active,NULL,NULL,NULL,5183,1.8219,Within Range
Patronick,Luke,1112030979,38,Male,Single,Asian,No,US Citizen,MA,1844,Software Engineering,Software Engineer,52.25,Alex Sweetwater,11-07-2011,NULL,Another position,Voluntarily Terminated,NULL,NULL,NULL,NULL,NULL,Voluntarily Terminated,NULL,NULL,NULL,10021,14.1315,Within Range
Saada,Adell,1012023185,31,Female,Married,White,No,US Citizen,MA,2132,Software Engineering,Software Engineer,49.25,Alex Sweetwater,05-11-2012,NULL,N/A - still employed,Active,NULL,NULL,NULL,NULL,NULL,Active,NULL,NULL,NULL,3510,12.8082,Within Range
Szabo,Andrew,1201031324,34,Male,Single,White,No,US Citizen,MA,2140,Software Engineering,Software Engineer,48,Alex Sweetwater,07-07-2014,15-04-2014,N/A - still employed,Active,NULL,NULL,NULL,NULL,NULL,Active,NULL,NULL,NULL,10980,-0.2274,Within Range
TRUE,Edward,1102024057,34,Male,Single,Black or African American,No,Non-Citizen,MA,2451,Software Engineering,Software Engineer,45.42,Alex Sweetwater,18-02-2013,NULL,medical issues,Voluntarily Terminated,NULL,NULL,NULL,NULL,NULL,Voluntarily Terminated,NULL,NULL,NULL,10021,12.5205,Within Range
Sweetwater,Alex,1001644719,51,Male,Single,White,No,US Citizen,MA,2184,Software Engineering,Software Engineering Manager,27,Jennifer Zamora,15-08-2011,NULL,N/A - still employed,Active,Fully Meets,0,0,9,10,Active,NULL,NULL,NULL,5183,14.0356,Within Range
